id,age,female,area,educ_years,income,pol_interest,pol_know,gotv,vote_intent
1,49,0,urban,11,29.4,2,1,0,3.8
2,68,0,suburban,8,14.3,5,3,0,4.8
3,44,0,suburban,16,75.6,5,7,0,4.9
4,47,1,urban,11,37.6,3,3,0,3.8
5,47,1,urban,12,49.7,6,4,0,5.1
6,58,1,urban,14,71.3,7,7,0,5.7
7,58,1,urban,15,82.8,7,4,1,6.9
8,38,1,urban,12,48.1,5,3,0,5.4
9,42,0,suburban,15,51.4,6,4,0,6.9
10,77,0,suburban,13,39.1,5,6,1,8.0
11,61,0,suburban,15,79.4,5,5,0,6.7
12,65,0,urban,17,58.6,6,6,0,4.3
13,49,1,rural,10,37.5,3,0,0,4.3
14,67,1,urban,15,90.1,9,7,1,7.1
15,48,1,rural,16,44.7,5,8,1,6.2
16,45,0,suburban,10,31.3,4,1,0,4.7
17,49,0,suburban,13,62.8,5,6,0,5.7
18,33,0,urban,15,41.2,5,3,0,5.0
19,57,0,urban,14,33.3,6,5,1,6.6
20,58,1,urban,13,23.9,7,6,1,7.3
21,27,1,suburban,12,30.6,5,6,0,3.6
22,58,1,rural,13,42.6,2,3,0,4.9
23,37,0,rural,11,41.9,2,0,0,4.9
24,78,0,urban,15,46.3,6,5,1,7.5
25,58,0,rural,12,38.9,6,1,1,5.7
26,46,1,rural,12,53.2,6,1,0,5.2
27,43,1,rural,10,27.6,6,3,1,5.7
28,57,1,suburban,11,67.9,5,6,0,4.5
29,47,0,urban,11,63.1,4,3,0,3.0
30,38,1,rural,12,19.7,2,4,0,0.9
31,58,0,suburban,11,48.7,5,3,0,5.1
32,45,0,suburban,13,68.4,3,1,0,2.6
33,45,0,rural,13,49.5,5,4,0,5.1
34,49,0,suburban,12,89.3,4,2,0,6.2
35,61,1,urban,15,73.7,8,7,1,9.7
36,64,1,urban,13,59.2,1,5,0,5.4
37,54,1,urban,17,39.8,8,7,0,6.8
38,52,0,urban,13,71.4,4,3,1,8.6
39,18,1,suburban,18,57.4,7,7,1,6.7
40,55,1,rural,10,46.3,4,6,1,6.7
41,57,0,suburban,14,41.4,7,4,1,6.6
42,37,1,urban,15,47.7,4,4,0,3.6
43,70,1,suburban,15,48.1,4,4,0,5.8
44,45,0,urban,14,66.8,5,6,0,6.5
45,51,1,suburban,15,43.5,8,7,0,6.2
46,36,1,urban,18,40.9,5,5,0,6.8
47,82,1,suburban,11,26.2,6,4,0,5.3
48,42,0,rural,13,23.6,4,3,0,4.9
49,61,0,rural,15,58.8,5,5,1,6.7
50,32,0,urban,11,59.6,4,6,0,5.9
51,51,0,urban,12,60.2,3,5,0,4.8
52,59,0,suburban,15,48.9,6,5,1,5.2
53,41,0,suburban,20,92.7,8,8,0,9.0
54,50,1,rural,19,42.5,6,7,1,7.9
55,57,0,suburban,13,58.1,5,4,1,5.4
56,46,1,rural,16,62.4,9,6,1,8.8
57,58,1,urban,16,65.9,2,3,0,2.4
58,72,1,suburban,17,98.6,6,8,0,6.8
59,60,1,rural,8,17.4,2,2,0,2.6
60,50,0,urban,17,40.1,8,5,1,7.5
61,35,0,urban,15,37.8,4,5,0,3.4
62,64,1,suburban,17,67.1,4,1,0,3.7
63,73,1,urban,14,52.4,8,5,0,7.2
64,34,0,suburban,14,54.8,6,4,0,6.8
65,40,0,suburban,11,32.8,2,2,1,7.1
66,51,0,suburban,11,21.1,3,4,0,3.1
67,25,1,urban,15,57.8,4,6,1,6.9
68,51,1,rural,15,48.4,5,7,0,5.1
69,64,0,suburban,9,35.8,5,3,0,5.0
70,55,1,suburban,11,52.0,6,3,0,4.5
71,37,0,urban,10,18.6,4,2,0,3.8
72,52,1,suburban,14,34.0,5,8,1,9.4
73,37,1,urban,13,21.8,5,2,0,2.3
74,31,1,urban,13,19.5,3,3,0,5.0
75,66,1,suburban,14,36.6,7,6,0,7.1
76,58,0,urban,10,30.8,2,2,0,1.8
77,62,1,urban,14,48.7,8,5,0,7.1
78,51,0,suburban,8,27.9,5,2,0,2.3
79,67,0,urban,14,55.4,7,3,0,4.9
80,73,0,urban,11,26.2,6,2,0,4.9
81,48,1,suburban,14,43.2,4,5,1,7.0
82,20,0,suburban,14,25.6,5,5,0,4.5
83,19,0,urban,11,17.4,1,1,0,0.7
84,24,0,urban,12,22.8,4,6,0,1.6
85,27,0,urban,17,31.8,5,6,0,5.5
86,65,1,suburban,15,30.8,5,5,0,5.9
87,38,1,rural,14,35.0,4,5,1,3.9
88,46,1,rural,13,57.7,3,3,1,5.5
89,49,1,urban,14,48.7,8,7,1,6.9
90,72,1,urban,11,27.7,1,3,0,2.2
91,69,0,urban,13,40.5,6,3,0,6.5
92,48,0,urban,12,52.1,4,4,0,4.7
93,41,0,suburban,12,38.6,5,3,0,7.4
94,34,1,urban,15,35.4,6,3,0,6.2
95,69,0,suburban,15,75.8,4,4,0,6.1
96,64,0,suburban,17,111.1,7,8,0,6.7
97,18,1,suburban,14,28.0,2,1,0,3.5
98,18,0,rural,18,40.6,5,5,0,6.8
99,71,1,suburban,13,48.6,5,7,0,4.6
100,25,1,suburban,10,27.7,3,3,1,5.0
101,40,1,suburban,15,49.5,6,3,0,4.9
102,50,1,suburban,17,67.0,8,7,1,8.8
103,39,1,rural,11,37.3,6,3,0,4.3
104,55,0,suburban,14,98.7,6,2,0,7.5
105,34,1,urban,16,55.1,5,5,0,3.7
106,75,1,rural,15,42.9,6,3,0,5.4
107,61,1,urban,13,59.0,4,1,0,3.5
108,27,0,urban,16,90.2,5,5,1,6.9
109,45,1,suburban,11,25.5,5,1,0,4.5
110,63,0,suburban,15,52.0,6,2,1,7.0
111,18,0,suburban,11,32.7,4,1,0,2.2
112,46,1,rural,13,33.4,3,3,0,4.3
113,28,1,suburban,17,45.1,4,4,1,7.6
114,88,1,rural,10,47.3,4,2,0,4.0
115,49,1,suburban,16,65.1,3,3,0,4.7
116,43,0,rural,13,33.6,5,2,0,5.1
117,43,1,rural,12,76.3,5,6,1,5.4
118,27,1,rural,10,15.5,1,4,0,1.6
119,50,1,urban,14,54.8,2,1,0,5.2
120,44,0,rural,13,81.4,8,4,1,6.8
121,51,0,urban,12,84.8,6,2,0,4.8
122,18,1,suburban,15,17.8,6,4,0,5.4
123,38,0,urban,12,40.1,8,6,1,7.8
124,50,0,suburban,9,31.7,2,3,0,6.7
125,34,0,suburban,11,46.4,2,1,0,4.5
126,56,1,suburban,16,57.8,6,7,1,9.2
127,39,1,urban,10,31.8,5,2,0,3.9
128,18,0,suburban,15,40.2,4,5,0,5.1
129,71,0,suburban,9,35.8,5,4,0,5.0
130,76,1,rural,14,44.1,8,5,0,5.6
131,42,0,rural,13,58.2,5,6,1,7.6
132,55,0,suburban,18,84.2,6,5,0,7.4
133,18,0,suburban,10,11.6,2,2,0,3.4
134,77,1,rural,18,78.9,8,7,0,7.0
135,66,0,rural,14,37.7,4,5,0,6.0
136,63,0,rural,9,34.9,6,5,0,6.3
137,68,1,suburban,10,34.5,6,3,1,5.8
138,31,0,suburban,13,54.4,3,2,0,6.2
139,50,0,rural,13,49.5,7,3,0,5.9
140,60,1,urban,8,55.0,3,1,0,4.3
141,71,0,urban,13,29.7,5,6,0,5.7
142,60,1,urban,14,68.1,4,5,0,6.0
143,44,0,suburban,9,91.0,4,3,0,4.7
144,62,0,rural,8,30.9,6,5,0,3.5
145,64,1,rural,12,67.3,3,7,0,3.9
146,18,0,rural,12,19.3,5,7,0,5.4
147,57,1,urban,8,26.0,5,3,0,4.3
148,87,1,suburban,12,64.9,6,7,0,5.1
149,60,1,rural,12,38.9,5,3,1,5.9
150,47,1,urban,11,27.8,1,3,0,2.5
151,61,0,rural,13,45.5,4,5,0,6.2
152,53,1,rural,15,57.1,6,4,0,4.8
153,65,1,urban,12,45.0,4,4,0,5.1
154,35,1,urban,19,161.0,5,3,0,6.0
155,67,0,suburban,10,49.4,4,2,0,3.7
156,55,1,rural,17,81.1,6,7,0,5.6
157,53,1,suburban,14,52.8,4,5,0,4.6
158,61,0,urban,11,40.0,3,3,0,4.8
159,29,1,suburban,11,46.5,6,3,0,5.5
160,51,1,urban,8,41.5,7,5,1,7.3
161,43,0,rural,10,31.6,1,0,0,1.8
162,43,0,suburban,10,20.1,4,2,0,3.6
163,43,0,urban,19,83.0,8,7,1,8.5
164,31,1,urban,10,17.5,3,3,0,3.9
165,58,0,suburban,14,54.5,7,4,1,9.6
166,32,1,rural,14,43.3,3,4,0,4.4
167,43,0,suburban,17,55.7,6,4,0,5.5
168,41,1,suburban,12,38.2,2,1,0,2.6
169,53,1,rural,8,12.6,5,3,0,4.6
170,51,0,suburban,13,89.8,5,7,1,7.3
171,63,1,suburban,20,147.2,8,6,1,8.8
172,18,1,suburban,12,17.1,3,3,0,2.1
173,68,1,urban,14,50.9,7,7,1,9.9
174,55,1,suburban,15,64.1,7,6,0,6.7
175,46,0,suburban,11,29.2,4,5,0,3.7
176,54,1,urban,11,29.1,6,4,1,6.3
177,33,1,urban,13,31.7,3,3,0,1.0
178,22,0,urban,12,21.5,3,5,0,3.5
179,18,1,suburban,11,33.6,6,5,1,5.4
180,60,1,suburban,9,37.4,3,3,0,3.5
181,44,0,urban,15,39.3,6,6,1,6.5
182,36,1,suburban,16,36.9,7,7,0,7.8
183,87,1,urban,12,49.6,9,6,1,10.0
184,53,1,rural,16,47.7,5,5,0,5.1
185,64,1,urban,11,59.5,3,1,0,4.6
186,56,0,suburban,13,92.6,8,8,1,7.5
187,51,1,rural,14,21.6,5,8,1,7.6
188,66,0,suburban,15,53.6,5,3,0,6.5
189,56,1,rural,16,59.5,4,4,0,5.3
190,63,0,urban,10,41.4,5,2,1,6.9
191,45,0,urban,18,35.6,8,5,1,7.1
192,70,1,rural,18,72.4,8,6,0,7.3
193,64,0,suburban,8,39.0,2,6,0,3.6
194,65,0,suburban,16,102.2,6,8,1,10.0
195,33,0,rural,15,51.8,10,7,0,7.3
196,27,1,suburban,15,50.0,5,3,0,5.6
197,43,1,suburban,12,41.2,6,7,1,8.8
198,69,1,rural,16,58.9,5,7,0,7.3
199,47,1,rural,12,60.0,9,8,1,10.0
200,29,0,suburban,11,38.7,8,6,0,7.6
201,67,0,rural,15,39.8,4,7,0,5.2
202,32,1,suburban,15,38.2,5,3,0,4.1
203,44,0,suburban,14,85.9,3,4,0,4.7
204,48,0,urban,11,59.5,7,8,0,7.6
205,49,1,suburban,11,38.7,6,4,0,6.3
206,43,1,rural,15,68.4,7,5,0,6.7
207,61,0,urban,15,46.9,4,2,0,5.0
208,67,0,suburban,12,65.4,7,6,0,5.3
209,63,1,suburban,13,51.8,8,6,1,5.7
210,59,0,rural,11,30.3,1,2,0,5.4
211,58,0,urban,14,39.8,6,6,1,8.0
212,45,1,urban,16,38.1,8,5,0,8.3
213,31,0,suburban,8,18.4,2,3,0,0.7
214,59,0,urban,10,55.2,5,4,0,4.8
215,78,1,urban,16,72.4,7,6,1,7.5
216,18,0,urban,18,36.9,6,6,0,6.8
217,55,0,suburban,11,30.4,3,2,0,5.4
218,21,1,rural,9,14.4,2,1,0,3.6
219,70,1,urban,14,50.0,7,7,0,7.5
220,38,1,rural,14,36.1,5,6,0,6.0
221,40,0,suburban,8,52.2,4,4,0,5.2
222,44,0,rural,8,36.9,4,2,0,1.4
223,34,0,rural,11,31.0,5,1,0,5.4
224,46,0,rural,14,64.2,6,1,0,5.8
225,35,1,suburban,14,107.8,5,4,0,6.4
226,43,0,suburban,14,46.2,5,3,0,4.3
227,61,1,urban,12,41.5,7,3,0,5.6
228,73,1,urban,14,50.3,3,3,0,2.2
229,18,1,urban,20,72.2,9,8,0,7.4
230,36,1,suburban,14,53.0,5,5,0,3.7
231,64,0,urban,12,58.9,5,6,0,7.8
232,52,1,suburban,11,37.6,7,6,0,5.3
233,54,0,rural,15,55.1,7,5,0,7.5
234,59,0,rural,18,65.9,7,7,0,7.4
235,65,1,urban,14,65.2,2,5,0,4.8
236,40,1,suburban,13,34.8,5,4,0,6.3
237,72,0,rural,17,33.7,6,8,0,6.8
238,38,0,suburban,8,16.8,3,3,0,6.1
239,53,0,urban,12,63.3,4,5,0,4.8
240,18,1,urban,16,37.7,7,4,0,5.4
241,55,0,rural,13,39.6,5,5,0,5.0
242,45,1,urban,15,48.3,6,6,0,4.9
243,43,1,rural,14,21.6,3,2,0,3.9
244,53,0,rural,13,34.5,6,3,0,7.6
245,72,1,urban,12,30.6,4,5,0,3.9
246,18,0,urban,15,21.5,5,3,0,4.5
247,51,0,suburban,11,25.8,5,6,1,5.6
248,71,0,urban,18,118.0,5,5,0,7.1
249,45,1,suburban,13,36.6,4,5,0,4.7
250,18,1,suburban,11,22.5,3,0,0,0.4
251,50,1,urban,14,57.5,8,6,0,6.9
252,45,1,rural,11,27.6,3,2,0,3.4
253,39,0,suburban,17,46.1,5,3,0,4.9
254,62,0,urban,15,52.1,5,7,0,4.3
255,38,0,urban,13,51.6,6,2,1,6.3
256,35,0,urban,13,29.6,3,3,0,4.8
257,47,1,suburban,15,58.8,8,5,1,7.1
258,49,0,urban,15,45.5,8,8,1,8.2
259,56,0,suburban,9,24.9,1,3,0,4.2
260,33,1,rural,16,35.5,6,4,0,5.2
261,50,1,urban,18,100.1,3,7,0,5.2
262,46,1,urban,13,34.2,5,3,1,8.1
263,53,0,urban,16,49.4,5,3,0,4.8
264,44,0,suburban,18,86.9,8,6,0,8.0
265,32,0,urban,15,42.5,5,7,0,5.7
266,52,1,rural,10,35.7,2,3,0,2.7
267,53,0,rural,15,53.1,5,7,0,5.4
268,38,0,rural,13,27.3,6,3,0,5.1
269,36,0,rural,15,89.8,5,5,0,5.2
270,42,1,rural,18,102.7,7,6,0,6.7
271,35,0,suburban,16,27.7,5,5,0,5.6
272,56,0,urban,14,53.7,2,1,0,3.9
273,57,1,rural,10,21.0,4,4,0,5.5
274,40,1,urban,8,72.6,2,0,0,2.8
275,64,1,suburban,13,53.2,6,3,0,4.5
276,40,1,rural,13,66.8,4,6,0,6.8
277,43,0,urban,19,126.2,7,5,1,7.9
278,42,1,suburban,12,25.6,4,2,0,4.3
279,49,0,suburban,10,43.5,5,4,0,3.9
280,62,0,suburban,16,91.7,4,7,0,7.0
281,42,1,suburban,9,41.1,6,4,1,7.1
282,60,1,suburban,10,41.4,6,3,0,3.0
283,48,1,urban,11,49.0,3,1,0,2.1
284,26,1,suburban,10,23.4,5,3,0,3.3
285,30,1,rural,9,26.1,2,0,0,2.5
286,80,0,rural,16,50.8,6,5,0,5.3
287,59,1,suburban,11,77.3,6,3,1,7.0
288,44,1,urban,15,52.0,7,6,1,7.2
289,58,1,urban,14,59.3,4,7,0,5.3
290,36,1,rural,16,59.4,7,7,1,6.7
291,42,1,rural,16,53.9,4,1,0,5.7
292,50,1,urban,10,31.2,6,2,1,6.4
293,58,1,rural,16,115.4,4,2,1,5.5
294,43,0,urban,14,63.4,5,6,1,8.7
295,69,1,rural,14,44.1,7,3,0,4.1
296,47,0,suburban,16,93.2,6,5,1,5.5
297,68,0,urban,12,44.3,3,5,0,2.6
298,51,1,urban,11,85.2,5,2,0,5.8
299,50,1,rural,15,42.8,9,6,0,9.1
300,62,0,rural,14,55.0,0,4,0,2.7
301,36,0,urban,16,34.2,7,5,0,4.6
302,43,0,rural,12,39.8,5,5,0,4.1
303,37,0,rural,8,40.6,4,3,0,3.2
304,33,1,suburban,13,54.9,3,3,0,3.9
305,31,1,suburban,17,51.4,5,3,0,3.1
306,29,1,suburban,15,41.9,6,5,0,5.3
307,41,0,suburban,15,39.1,7,5,0,4.7
308,39,0,suburban,16,43.6,4,3,0,4.4
309,32,0,urban,15,32.0,1,5,1,5.6
310,72,0,urban,16,64.8,4,4,0,6.6
311,84,0,urban,11,56.5,4,5,0,5.1
312,76,0,suburban,16,52.7,9,6,0,10.0
313,77,0,urban,13,35.4,8,4,1,10.0
314,49,0,urban,10,30.6,3,1,0,1.4
315,69,1,suburban,12,21.5,4,6,1,5.6
316,24,0,urban,14,25.0,8,8,0,6.2
317,34,1,urban,14,57.0,6,7,0,5.4
318,18,0,suburban,17,29.9,5,8,0,7.0
319,49,1,suburban,9,28.9,6,4,1,6.6
320,48,0,suburban,14,65.9,4,5,0,3.2
321,21,1,rural,17,34.2,6,6,0,6.8
322,56,1,rural,10,25.2,3,1,0,4.4
323,75,1,suburban,14,51.4,8,6,1,7.9
324,86,0,suburban,13,34.2,2,2,0,5.7
325,22,0,urban,15,33.3,4,3,0,5.4
326,75,1,urban,11,41.9,8,6,0,5.2
327,37,0,rural,13,44.5,5,5,0,4.6
328,55,1,urban,16,43.6,5,6,1,6.0
329,30,0,urban,13,33.6,6,6,0,7.0
330,55,0,suburban,14,39.2,3,2,0,4.6
331,59,1,urban,16,82.6,6,6,1,9.1
332,18,0,suburban,13,25.2,6,6,0,4.4
333,18,1,urban,13,32.7,3,2,0,4.4
334,35,0,suburban,15,24.4,5,4,0,4.4
335,45,1,suburban,8,18.0,5,1,0,3.6
336,57,1,urban,15,51.5,0,0,0,3.7
337,40,0,rural,15,41.6,7,5,1,7.6
338,60,0,urban,17,53.4,6,4,1,5.8
339,55,1,urban,12,56.6,4,4,0,3.7
340,62,1,urban,16,55.0,7,8,1,8.1
341,64,1,urban,10,38.4,4,6,0,5.8
342,35,1,suburban,14,25.3,7,4,0,6.9
343,44,1,suburban,13,35.8,5,6,0,6.4
344,53,1,suburban,19,81.5,7,6,0,6.8
345,62,1,rural,11,31.3,4,3,0,3.4
346,69,0,urban,17,54.5,8,5,0,8.2
347,46,0,suburban,12,35.5,4,3,0,2.6
348,45,0,rural,15,73.3,5,4,0,7.4
349,36,0,rural,14,24.5,4,1,0,4.7
350,53,1,urban,17,61.0,8,7,0,8.1
351,44,1,suburban,14,34.1,8,8,0,6.6
352,69,1,urban,14,54.3,0,1,0,3.4
353,52,0,suburban,11,32.5,3,6,0,3.0
354,37,0,suburban,14,71.5,4,5,0,6.0
355,23,0,rural,10,19.2,7,3,0,6.0
356,75,1,suburban,17,60.2,3,7,0,6.7
357,61,1,urban,14,54.8,6,3,0,3.4
358,19,0,rural,15,31.9,2,3,0,4.9
359,29,1,suburban,9,14.7,6,3,0,6.6
360,44,0,suburban,13,59.9,7,4,1,7.4
361,43,0,suburban,9,41.2,5,0,0,3.9
362,53,1,rural,11,57.6,7,6,0,6.5
363,26,1,rural,8,23.6,4,3,0,3.2
364,67,1,suburban,17,94.1,7,8,1,9.1
365,18,1,urban,13,25.4,6,5,0,4.7
366,52,0,urban,16,74.5,4,7,0,6.9
367,76,0,urban,15,69.3,7,7,1,9.6
368,52,1,suburban,9,33.6,7,5,0,4.9
369,18,1,urban,15,27.6,6,5,1,6.6
370,64,1,urban,17,124.0,8,8,1,10.0
371,57,1,suburban,15,70.5,6,3,0,5.7
372,26,0,suburban,16,38.0,9,7,1,7.8
373,52,1,rural,14,96.5,6,7,0,4.3
374,59,0,rural,11,40.1,7,5,0,4.7
375,57,0,suburban,14,55.1,5,5,0,5.1
376,75,0,suburban,12,26.0,7,4,0,6.8
377,48,1,suburban,12,47.3,4,3,0,5.2
378,48,1,urban,15,53.6,7,5,0,8.1
379,73,0,suburban,12,28.5,3,3,0,5.9
380,50,1,suburban,13,42.0,7,7,1,7.6
381,34,0,rural,12,63.3,7,3,1,8.3
382,50,1,suburban,8,21.8,5,3,1,3.4
383,18,0,rural,13,21.0,1,3,0,2.8
384,81,0,rural,15,55.2,3,3,0,4.6
385,88,1,rural,13,39.2,7,7,0,7.8
386,35,1,rural,12,18.6,3,3,0,3.5
387,48,0,suburban,10,36.8,5,2,0,4.6
388,44,1,rural,13,42.9,5,2,0,3.9
389,50,0,suburban,9,37.7,6,3,0,4.2
390,45,0,suburban,16,47.1,3,3,0,3.5
391,57,0,suburban,9,35.9,3,2,0,5.4
392,78,0,urban,14,40.8,8,3,0,7.6
393,18,0,suburban,16,43.7,3,3,0,3.5
394,42,1,urban,12,23.6,2,2,0,2.4
395,58,0,rural,11,41.3,6,7,1,6.8
396,45,0,suburban,11,70.1,6,5,0,5.6
397,58,0,rural,14,55.6,4,4,0,5.6
398,55,1,suburban,16,60.6,6,5,0,5.0
399,28,0,suburban,8,34.9,3,1,0,1.7
400,67,1,suburban,16,74.0,9,6,0,7.5
401,53,1,urban,16,57.8,5,4,1,9.0
402,25,1,suburban,10,24.8,3,3,0,3.7
403,26,0,suburban,12,56.4,4,3,0,4.6
404,42,0,suburban,13,64.2,3,5,0,4.6
405,27,0,suburban,9,10.9,1,0,0,4.1
406,43,1,suburban,18,49.9,6,6,0,5.4
407,88,1,urban,18,68.0,7,8,0,6.5
408,55,0,rural,16,51.0,7,6,1,6.6
409,41,0,urban,14,41.7,7,6,0,4.2
410,19,0,suburban,9,26.6,3,4,0,1.6
411,62,0,urban,17,123.7,7,6,1,10.0
412,30,1,suburban,19,29.5,5,6,0,6.2
413,55,0,rural,10,49.7,4,4,0,3.1
414,47,0,suburban,15,70.0,10,5,1,6.6
415,39,1,rural,13,46.7,4,4,0,7.9
416,57,1,suburban,14,18.6,4,1,0,2.7
417,49,1,rural,14,56.3,5,5,0,4.5
418,39,0,rural,16,53.0,6,5,0,5.8
419,33,1,urban,11,25.5,6,3,0,3.5
420,45,1,rural,9,24.0,5,1,0,7.6
421,83,0,rural,8,31.8,4,0,0,4.9
422,78,0,suburban,14,56.4,4,6,0,6.2
423,67,0,suburban,17,64.8,9,7,0,7.1
424,55,1,urban,12,72.2,3,4,0,3.0
425,45,1,urban,16,57.6,6,7,1,7.2
426,79,0,suburban,13,35.4,3,4,0,7.5
427,73,0,suburban,13,50.8,6,5,0,4.6
428,36,1,suburban,15,43.2,4,5,0,4.1
429,21,1,rural,12,19.6,4,1,0,3.2
430,42,1,rural,9,32.1,9,7,1,8.4
431,52,0,suburban,18,151.5,6,4,1,6.8
432,68,0,rural,14,31.9,7,5,0,6.6
433,39,1,rural,19,52.9,4,5,0,6.2
434,65,1,suburban,16,52.1,7,5,0,4.9
435,58,1,rural,16,61.5,7,5,0,8.5
436,41,1,urban,10,30.3,6,7,0,5.1
437,44,0,urban,13,34.6,7,8,1,8.3
438,58,0,suburban,11,46.9,7,2,0,6.1
439,55,0,rural,18,77.4,6,5,1,9.9
440,46,0,suburban,17,108.0,7,7,0,6.6
441,35,1,rural,10,29.8,6,1,0,5.2
442,65,1,urban,15,78.2,8,4,0,7.2
443,57,0,urban,16,56.6,7,7,0,7.5
444,53,0,rural,11,38.8,3,1,1,5.8
445,57,1,urban,11,31.2,5,1,0,4.8
446,50,1,urban,13,38.2,8,7,0,4.3
447,28,1,urban,13,50.5,3,3,1,4.7
448,35,1,urban,18,53.2,5,7,1,8.3
449,61,0,urban,15,92.6,6,3,0,4.1
450,36,1,rural,9,16.9,3,1,1,6.2
451,57,1,suburban,11,38.5,5,6,0,6.9
452,40,0,urban,16,64.4,2,3,0,2.1
453,54,1,rural,18,56.7,9,7,0,7.1
454,31,1,suburban,12,68.8,4,4,0,4.0
455,50,0,urban,12,40.1,6,7,0,7.5
456,37,0,urban,13,47.9,9,7,0,7.6
457,34,0,urban,14,50.0,3,5,0,5.3
458,69,1,suburban,8,23.7,2,3,0,3.6
459,54,0,rural,8,16.1,4,1,0,3.3
460,36,0,urban,11,52.4,3,1,0,3.2
461,77,1,urban,14,68.2,3,4,0,3.4
462,58,0,rural,12,50.6,7,6,1,6.8
463,47,0,rural,8,17.6,1,0,0,2.1
464,66,1,rural,13,84.6,7,3,0,5.7
465,56,1,urban,17,52.9,7,7,0,8.3
466,45,0,rural,15,51.2,7,4,1,6.1
467,54,0,rural,13,40.9,4,3,0,5.5
468,48,0,suburban,14,25.0,5,5,0,4.6
469,32,1,suburban,11,32.6,5,4,0,4.9
470,69,1,urban,15,46.1,4,5,0,4.4
471,39,1,suburban,12,22.3,6,3,0,4.5
472,50,1,rural,15,56.3,1,4,0,4.8
473,46,1,urban,9,12.8,5,4,0,3.2
474,64,1,suburban,15,63.9,6,5,1,9.7
475,50,0,urban,15,53.1,5,7,0,5.6
476,57,1,urban,10,30.7,4,1,0,4.5
477,35,0,urban,17,40.5,4,7,0,5.2
478,70,1,rural,12,52.4,6,6,0,7.2
479,50,1,suburban,9,16.4,2,5,0,5.9
480,28,0,rural,9,25.0,3,2,0,4.9
481,57,1,urban,10,46.7,4,2,0,4.9
482,39,1,rural,14,49.7,2,5,0,5.1
483,51,0,rural,13,22.5,7,8,1,6.6
484,53,1,rural,14,66.7,4,5,0,3.7
485,64,0,suburban,14,39.0,3,6,1,6.2
486,37,1,suburban,11,57.9,5,7,0,6.3
487,37,1,urban,13,37.9,5,2,0,3.8
488,24,1,urban,16,25.7,4,6,0,3.9
489,62,0,urban,14,33.9,5,8,0,5.4
490,41,1,suburban,11,42.6,4,3,0,6.0
491,52,1,urban,10,40.4,1,5,0,1.9
492,55,0,suburban,14,55.9,6,7,0,3.7
493,61,1,urban,18,59.3,7,6,1,9.0
494,43,1,suburban,12,32.0,5,3,0,3.2
495,18,1,urban,13,23.7,5,3,0,5.0
496,51,1,rural,14,54.2,8,7,1,8.3
497,40,0,suburban,16,49.9,5,7,0,4.4
498,18,1,urban,12,17.1,3,1,0,4.4
499,42,1,urban,15,53.0,6,3,0,4.6
500,43,1,rural,8,25.5,2,0,0,2.5
501,24,0,urban,16,41.1,2,2,0,1.1
502,41,1,urban,17,77.9,7,8,1,9.6
503,38,1,rural,14,59.9,5,3,1,7.1
504,52,0,rural,14,60.6,6,6,1,5.7
505,69,0,rural,14,55.8,7,8,1,7.5
506,60,0,urban,16,62.3,6,4,0,4.7
507,47,1,suburban,14,76.6,2,3,0,3.6
508,33,1,rural,15,30.2,4,5,0,4.0
509,40,0,suburban,12,47.8,4,2,1,6.5
510,44,1,suburban,12,41.7,2,2,0,1.7
511,74,1,suburban,18,84.9,4,3,1,6.8
512,59,0,suburban,12,41.0,6,6,1,6.6
513,42,1,urban,15,81.3,4,8,0,4.8
514,32,1,urban,10,29.7,2,3,0,4.5
515,31,0,suburban,16,33.6,7,6,0,5.3
516,44,1,urban,16,107.4,8,7,1,9.1
517,49,1,suburban,13,56.7,3,4,0,4.9
518,54,0,rural,13,65.9,4,4,0,5.4
519,59,1,urban,13,43.9,2,1,0,1.7
520,52,1,suburban,17,76.3,7,6,0,7.1
521,35,1,urban,17,61.6,7,6,0,8.6
522,45,1,rural,13,51.6,1,5,0,2.6
523,36,0,rural,11,28.6,4,3,0,3.7
524,50,0,suburban,8,27.4,4,4,0,4.2
525,18,0,suburban,13,32.6,8,4,0,5.6
526,59,1,urban,14,60.6,4,4,0,4.3
527,65,1,suburban,14,31.1,7,7,0,7.7
528,36,1,rural,9,19.1,4,1,0,2.7
529,72,1,urban,12,31.1,3,2,0,3.7
530,81,0,urban,10,15.9,9,6,1,10.0
531,61,0,urban,11,42.4,4,5,0,4.8
532,31,1,rural,15,43.0,5,5,0,4.4
533,53,1,rural,11,25.7,2,4,1,6.8
534,48,0,suburban,11,36.0,3,0,0,2.0
535,68,0,rural,14,58.6,3,3,0,5.9
536,74,1,suburban,12,28.6,3,3,0,3.9
537,53,1,urban,12,42.9,3,5,0,4.3
538,57,0,suburban,13,70.2,5,4,0,7.1
539,31,1,urban,13,32.8,3,3,0,3.1
540,42,1,suburban,11,27.9,4,5,0,4.4
541,63,1,suburban,15,60.2,8,6,0,8.7
542,63,1,suburban,13,69.1,5,7,0,6.8
543,52,0,rural,15,57.6,9,6,0,7.5
544,22,0,urban,15,31.9,7,4,0,7.2
545,73,1,urban,14,51.5,7,6,0,7.5
546,48,0,urban,14,88.2,4,5,0,4.8
547,65,1,rural,11,37.6,2,2,0,3.5
548,53,1,suburban,9,36.9,4,3,0,4.9
549,41,0,urban,12,32.5,5,1,0,6.1
550,59,1,suburban,15,58.9,6,7,1,7.7
551,53,1,rural,14,25.4,5,4,1,7.9
552,31,1,urban,13,48.5,7,6,0,7.7
553,18,1,urban,12,20.8,3,2,0,4.2
554,35,0,rural,12,53.9,4,4,0,4.5
555,28,1,urban,12,22.0,6,5,0,2.6
556,60,1,urban,16,46.0,5,6,0,5.3
557,37,1,urban,12,17.6,3,3,0,4.8
558,27,0,rural,11,49.6,3,3,0,3.7
559,35,1,suburban,15,52.3,3,3,0,2.0
560,29,0,suburban,13,37.8,2,4,0,3.4
561,29,1,suburban,11,15.8,5,3,1,6.5
562,36,0,rural,11,46.6,2,2,0,3.3
563,45,1,suburban,14,112.2,6,6,0,6.3
564,53,1,suburban,11,52.5,6,4,1,7.9
565,46,1,urban,11,23.7,3,2,1,7.3
566,35,1,rural,19,71.1,8,7,1,6.7
567,49,1,rural,13,50.8,3,3,0,4.3
568,66,0,suburban,12,32.9,4,3,0,5.4
569,65,0,suburban,15,46.4,4,5,0,6.5
570,45,0,rural,15,43.2,6,5,0,6.2
571,67,1,suburban,13,46.4,5,5,0,6.1
572,64,1,rural,12,85.1,4,4,1,5.8
573,67,1,rural,11,40.2,1,2,0,4.8
574,46,0,urban,12,27.5,5,5,0,4.8
575,47,1,urban,13,41.3,5,7,0,4.7
576,53,1,urban,8,28.4,5,3,1,5.1
577,65,1,urban,15,40.8,3,4,0,3.6
578,24,0,suburban,12,29.0,5,4,0,5.5
579,60,1,suburban,16,59.6,4,3,0,6.6
580,55,1,rural,13,83.6,6,6,1,5.3
581,70,0,urban,13,23.1,4,5,0,7.7
582,54,1,rural,14,58.7,7,7,0,5.7
583,50,1,urban,13,43.0,8,5,1,6.9
584,64,0,suburban,17,33.0,7,8,0,7.4
585,56,1,urban,9,36.7,3,2,0,2.2
586,26,1,rural,14,14.5,3,4,0,3.4
587,58,1,rural,12,48.2,6,6,1,6.7
588,45,0,suburban,12,36.9,4,4,0,6.4
589,86,1,suburban,20,46.2,10,8,1,8.1
590,43,1,urban,12,88.9,5,4,0,5.5
591,38,1,urban,13,61.4,4,2,0,4.6
592,70,0,suburban,12,26.4,4,2,0,4.1
593,63,1,rural,12,27.6,9,8,0,9.9
594,32,1,rural,14,51.1,7,5,0,6.3
595,54,0,urban,17,38.5,9,8,1,7.1
596,63,0,rural,12,50.2,5,3,0,3.8
597,48,1,urban,14,29.8,7,5,1,7.0
598,31,1,rural,18,84.5,7,5,0,5.9
599,39,1,suburban,14,57.4,4,4,0,5.3
600,50,1,suburban,9,53.1,6,4,0,4.1
601,55,0,suburban,10,19.1,5,3,0,3.4
602,23,0,urban,9,35.3,3,2,0,3.0
603,70,0,rural,12,48.6,0,2,0,2.4
604,37,1,urban,13,63.8,7,7,1,6.9
605,66,1,rural,10,25.3,5,1,0,6.1
606,79,0,suburban,10,21.4,6,5,0,3.6
607,61,0,urban,9,33.9,7,2,0,6.1
608,60,1,rural,14,82.2,4,6,0,6.2
609,59,1,suburban,14,97.4,8,3,0,8.2
610,35,0,suburban,13,39.1,7,1,0,5.7
611,40,1,urban,11,31.0,7,3,0,6.0
612,38,1,urban,18,74.9,8,7,1,6.8
613,53,0,urban,16,100.3,5,1,0,2.6
614,79,0,suburban,16,29.9,4,5,0,6.8
615,59,1,suburban,13,31.9,5,1,0,4.6
616,40,1,rural,13,90.1,6,7,1,6.5
617,53,1,urban,20,113.9,6,5,0,4.6
618,74,1,urban,15,43.5,3,0,0,4.7
619,56,0,rural,11,26.9,5,3,0,5.5
620,66,1,rural,13,46.1,1,3,0,4.6
621,81,1,urban,9,41.3,5,4,1,7.9
622,78,1,urban,15,52.3,3,4,0,5.3
623,39,1,rural,16,67.0,9,4,0,7.2
624,52,1,urban,15,39.8,3,3,0,4.9
625,45,1,rural,8,33.6,5,4,0,4.8
626,54,1,urban,14,69.2,7,4,1,8.6
627,44,1,rural,12,60.3,7,6,0,6.3
628,37,1,suburban,16,106.1,4,3,0,5.0
629,55,0,suburban,12,36.9,6,7,0,7.7
630,47,1,urban,11,67.3,2,1,0,1.1
631,52,0,rural,14,58.8,7,4,0,5.7
632,63,1,urban,19,103.1,8,8,1,9.1
633,35,1,suburban,11,34.2,5,1,0,3.9
634,23,0,suburban,12,42.1,5,2,0,4.8
635,45,0,suburban,11,34.6,4,3,0,4.6
636,61,0,rural,12,38.1,4,2,1,7.2
637,51,0,rural,13,32.1,8,5,0,6.2
638,31,1,urban,13,60.1,2,0,0,2.1
639,70,1,suburban,13,32.8,7,3,0,6.6
640,33,1,suburban,14,56.4,6,1,0,6.9
641,46,1,urban,12,17.3,6,2,0,4.6
642,69,0,rural,12,36.0,5,4,0,5.8
643,32,1,rural,14,37.6,6,7,1,6.4
644,21,0,urban,12,33.2,6,7,1,8.1
645,47,0,suburban,15,33.2,5,2,0,5.8
646,28,1,urban,16,67.3,3,5,0,3.9
647,57,1,urban,17,53.3,5,6,0,4.9
648,33,1,rural,17,48.0,3,5,1,2.5
649,38,0,rural,15,38.7,7,5,1,6.8
650,46,1,rural,10,55.1,4,3,0,4.4
651,44,1,urban,12,28.1,5,1,0,4.1
652,52,0,suburban,10,43.6,5,6,0,6.6
653,35,1,urban,13,73.5,3,4,0,1.9
654,69,1,urban,12,42.8,4,3,1,7.5
655,35,0,suburban,15,70.7,3,2,0,5.7
656,69,1,suburban,14,64.0,7,4,1,7.8
657,66,1,rural,8,31.9,4,3,0,5.9
658,41,1,urban,17,71.3,3,6,0,3.7
659,74,1,suburban,19,56.7,5,5,1,8.1
660,44,1,suburban,13,55.4,5,4,0,6.7
661,44,0,suburban,12,17.6,5,2,0,5.3
662,66,1,suburban,16,29.7,5,6,1,7.1
663,35,0,rural,14,79.5,4,2,0,3.9
664,70,0,rural,17,60.4,6,6,0,6.5
665,22,0,urban,11,30.7,2,2,0,1.7
666,38,1,urban,17,66.4,7,7,1,7.2
667,48,1,urban,13,53.6,4,3,0,3.2
668,46,1,urban,14,48.9,5,7,0,7.0
669,18,0,rural,11,20.4,3,2,0,2.6
670,47,1,urban,14,31.4,5,6,0,4.2
671,54,0,suburban,18,63.2,6,3,0,4.3
672,64,0,urban,16,96.0,5,1,0,3.8
673,39,0,rural,13,24.3,5,4,0,4.2
674,45,1,suburban,12,35.2,8,8,0,6.6
675,19,1,suburban,11,31.9,4,2,0,2.4
676,18,1,suburban,15,32.2,0,0,0,1.0
677,22,0,urban,10,27.2,2,2,0,1.0
678,48,1,suburban,15,60.5,7,6,0,6.9
679,52,0,rural,12,31.4,7,6,0,5.0
680,26,0,urban,12,14.8,4,3,0,3.6
681,49,1,urban,12,71.6,5,3,0,5.8
682,53,0,suburban,9,36.9,5,4,0,5.5
683,50,1,urban,16,53.6,10,7,1,10.0
684,59,0,urban,12,87.7,5,2,0,6.5
685,62,0,rural,15,41.4,2,6,1,5.3
686,22,0,rural,12,21.7,5,0,0,4.1
687,56,1,suburban,12,40.0,6,7,0,7.6
688,71,0,suburban,15,50.1,4,3,1,7.2
689,33,0,rural,11,31.5,2,0,0,5.0
690,34,1,suburban,17,79.7,4,8,0,4.8
691,55,0,urban,12,29.7,5,3,0,5.2
692,48,1,rural,15,46.2,4,5,0,5.0
693,79,0,urban,19,85.5,5,8,0,5.7
694,42,0,rural,10,36.0,5,2,0,5.3
695,46,1,rural,12,39.0,6,3,0,4.2
696,41,0,urban,12,66.3,5,3,0,3.8
697,61,1,urban,12,45.2,5,4,1,7.5
698,64,0,rural,15,48.6,8,5,1,7.4
699,63,0,rural,17,75.2,9,6,1,7.7
700,40,1,rural,12,25.4,2,2,0,4.0
701,56,0,rural,16,80.4,7,4,0,6.4
702,54,0,rural,15,45.8,6,6,0,7.4
703,42,1,urban,16,64.2,9,7,1,9.0
704,39,0,suburban,14,60.5,3,5,0,3.9
705,61,1,suburban,16,38.9,3,5,0,4.0
706,19,0,urban,18,40.7,4,2,0,3.8
707,42,0,urban,12,30.9,5,2,1,7.3
708,33,1,urban,15,54.0,4,2,0,4.1
709,24,1,urban,15,113.0,5,7,1,7.9
710,39,1,suburban,10,21.9,7,2,0,2.5
711,33,1,suburban,13,38.7,6,5,0,3.2
712,51,1,suburban,12,37.1,4,5,1,7.0
713,51,1,rural,12,24.5,3,3,0,4.7
714,37,1,suburban,15,70.3,3,4,0,6.5
715,35,0,suburban,13,38.1,3,3,0,6.4
716,41,0,urban,16,72.1,7,1,0,5.3
717,48,1,urban,11,31.2,6,6,0,3.0
718,74,0,urban,13,46.5,6,4,0,4.5
719,59,0,suburban,10,31.6,5,4,0,5.2
720,44,1,suburban,15,39.0,3,2,0,5.0
721,52,1,urban,14,36.9,8,5,1,6.1
722,29,1,rural,12,31.6,7,4,0,5.6
723,63,0,urban,12,41.0,6,1,0,3.5
724,61,0,suburban,13,83.8,3,2,0,4.3
725,34,1,suburban,17,78.8,7,6,1,6.6
726,28,0,rural,18,35.1,5,6,0,2.9
727,63,1,suburban,9,42.4,5,4,0,4.3
728,34,1,urban,13,43.0,9,6,0,3.8
729,60,0,suburban,10,60.3,5,2,0,4.6
730,32,0,suburban,15,60.5,4,2,0,3.3
731,70,1,suburban,15,51.4,7,6,0,5.8
732,72,0,suburban,12,39.4,4,2,0,4.6
733,18,1,suburban,16,27.4,4,7,0,4.8
734,30,0,urban,14,42.3,4,3,0,2.0
735,52,1,urban,13,42.6,7,6,0,5.5
736,76,0,urban,21,55.2,5,7,0,7.8
737,47,0,rural,13,48.4,3,5,1,6.9
738,88,1,rural,13,31.6,10,4,1,8.9
739,57,0,suburban,12,46.4,4,0,0,2.7
740,56,0,urban,10,21.2,4,4,0,3.8
741,58,0,rural,14,54.2,5,7,0,5.7
742,48,0,suburban,10,13.1,5,3,0,3.1
743,49,0,urban,16,117.1,5,6,0,7.5
744,61,0,suburban,13,33.0,7,1,0,5.3
745,51,1,urban,19,75.1,5,7,0,6.6
746,50,1,rural,18,64.5,6,6,0,5.2
747,46,0,urban,16,63.1,5,0,1,6.7
748,24,1,suburban,11,39.2,6,2,0,5.9
749,21,0,rural,13,39.4,4,2,0,1.8
750,26,0,suburban,14,67.3,6,4,0,3.7
751,18,1,rural,17,95.5,7,7,0,6.4
752,41,1,suburban,12,34.7,4,6,0,4.1
753,18,1,suburban,11,25.3,5,4,1,4.0
754,77,1,urban,14,34.1,5,4,1,10.0
755,36,0,urban,13,56.9,4,1,0,5.2
756,38,1,rural,11,33.6,4,1,0,3.1
757,53,0,suburban,8,21.1,4,0,0,2.5
758,79,0,suburban,12,51.6,10,6,0,6.7
759,18,0,urban,8,15.5,6,4,0,3.1
760,38,0,suburban,18,45.3,6,4,0,6.7
761,59,0,rural,12,38.1,4,3,1,5.7
762,46,1,suburban,12,36.2,8,8,0,7.6
763,54,0,suburban,13,25.8,4,3,0,4.4
764,66,0,suburban,12,35.5,5,5,0,6.2
765,33,1,rural,12,55.9,6,6,0,5.0
766,33,1,rural,8,26.0,3,2,0,3.7
767,47,0,rural,14,17.8,3,3,0,3.6
768,31,1,urban,16,35.7,7,6,1,7.0
769,47,0,urban,9,43.0,5,2,0,7.1
770,51,0,suburban,11,39.8,3,4,0,3.2
771,69,1,urban,13,68.4,5,5,1,6.6
772,43,1,urban,13,50.6,8,7,1,7.3
773,33,0,rural,14,52.8,4,1,1,5.6
774,62,1,suburban,8,51.2,6,0,0,5.5
775,31,1,suburban,16,41.1,8,5,0,4.5
776,48,0,rural,11,22.9,2,4,0,3.0
777,74,1,rural,12,20.0,4,3,0,4.5
778,34,0,suburban,14,15.8,1,1,0,4.3
779,43,0,rural,14,83.6,5,4,0,2.2
780,59,1,suburban,14,46.9,7,8,0,6.1
781,52,1,urban,12,51.8,8,5,0,4.8
782,83,0,urban,18,36.1,8,7,1,8.4
783,75,1,rural,14,29.6,6,5,0,7.2
784,37,1,urban,13,36.7,4,4,1,8.2
785,38,1,rural,16,43.2,6,6,1,6.7
786,46,1,rural,15,86.2,6,7,0,7.6
787,27,0,suburban,14,44.8,6,7,0,6.7
788,48,0,suburban,11,41.1,4,3,0,4.4
789,49,0,urban,18,85.6,4,4,0,4.5
790,51,0,rural,11,32.9,5,3,0,4.5
791,48,0,urban,11,63.3,7,2,0,5.7
792,65,1,suburban,14,37.2,8,7,0,8.2
793,46,1,urban,15,48.8,6,5,0,5.0
794,18,0,rural,13,21.4,5,7,0,5.5
795,26,0,rural,14,37.0,8,5,0,3.8
796,62,1,rural,14,62.2,7,3,1,7.5
797,45,1,urban,18,104.0,4,4,0,5.5
798,52,0,suburban,16,80.7,4,5,0,6.1
799,88,1,suburban,15,31.2,4,4,1,7.8
800,36,1,suburban,13,69.5,2,3,0,5.8
801,69,0,urban,11,45.3,7,7,0,5.2
802,44,0,rural,12,58.7,4,5,0,3.9
803,42,0,rural,8,35.0,2,1,0,3.7
804,49,0,urban,16,48.1,6,6,1,9.3
805,36,1,suburban,12,33.6,4,8,0,3.5
806,69,1,rural,11,25.2,5,6,0,4.2
807,64,1,urban,12,51.0,3,3,1,4.9
808,60,0,rural,18,51.3,4,6,1,6.7
809,20,0,urban,10,20.0,3,1,0,5.1
810,32,0,rural,13,48.1,8,6,0,7.5
811,69,1,suburban,14,42.4,9,7,0,8.0
812,22,0,rural,14,57.2,6,3,0,4.4
813,53,0,urban,11,31.8,6,3,0,4.2
814,24,0,urban,12,20.7,5,7,0,4.5
815,48,1,rural,15,41.6,4,4,0,3.1
816,35,1,urban,20,55.3,10,6,0,4.4
817,59,1,suburban,13,39.6,5,2,0,4.3
818,35,1,urban,15,39.0,3,6,0,3.8
819,42,1,rural,14,39.2,6,6,0,5.0
820,59,1,suburban,12,57.6,1,2,0,1.6
821,65,1,urban,12,48.2,10,5,0,6.6
822,71,0,suburban,15,71.7,5,4,0,7.1
823,34,0,urban,15,76.4,6,7,0,5.2
824,58,0,rural,13,33.7,8,5,1,7.4
825,41,1,suburban,10,26.0,1,3,0,3.0
826,51,0,suburban,11,26.4,4,3,0,3.7
827,52,0,rural,10,46.4,4,3,0,3.7
828,51,0,rural,11,29.9,7,3,0,7.6
829,57,0,suburban,15,34.0,3,2,0,2.4
830,62,0,urban,13,75.4,7,8,1,7.1
831,38,1,urban,13,59.3,4,4,1,6.8
832,27,1,suburban,15,36.2,3,2,0,2.2
833,65,0,suburban,13,33.3,3,4,0,4.0
834,18,1,rural,8,12.3,0,0,0,2.3
835,56,1,urban,13,58.0,6,5,0,4.3
836,37,0,rural,13,67.7,4,4,0,3.2
837,20,1,suburban,13,22.0,3,2,0,2.2
838,32,1,urban,10,31.6,5,4,0,5.5
839,24,0,suburban,16,28.3,6,4,0,2.6
840,56,1,rural,11,40.2,2,0,0,4.7
841,18,1,urban,19,36.0,3,7,0,5.2
842,35,1,suburban,14,32.2,6,3,0,5.1
843,45,0,urban,15,52.2,8,5,1,10.0
844,26,0,suburban,10,28.0,2,4,0,4.4
845,56,0,rural,12,44.3,5,6,0,5.0
846,48,1,rural,11,55.6,7,6,0,6.5
847,51,0,suburban,12,93.3,4,6,0,4.2
848,50,1,suburban,10,22.5,3,4,0,4.3
849,58,0,suburban,14,68.2,4,5,0,4.7
850,42,1,suburban,12,43.1,4,3,0,3.8
851,30,1,urban,13,56.3,1,2,0,2.3
852,60,1,rural,13,38.8,7,3,0,6.8
853,31,0,suburban,11,22.4,5,2,0,3.6
854,36,1,suburban,12,56.0,3,5,0,3.1
855,88,0,rural,14,27.9,6,8,0,7.1
856,62,1,urban,11,27.2,5,3,0,5.0
857,18,1,urban,14,29.0,3,1,0,2.7
858,48,0,suburban,15,83.8,3,4,0,4.3
859,57,0,urban,15,77.5,6,7,0,5.6
860,28,1,rural,13,22.6,3,4,0,3.1
861,48,1,urban,15,54.1,6,3,0,5.5
862,68,1,rural,11,64.3,6,5,0,5.6
863,57,0,rural,12,31.2,4,6,1,6.3
864,35,0,suburban,10,18.7,4,0,0,3.8
865,51,1,rural,11,33.1,6,4,0,8.5
866,76,1,urban,12,48.7,4,5,0,8.5
867,38,0,suburban,12,41.9,5,3,1,5.6
868,40,0,urban,12,35.7,8,4,0,2.8
869,50,1,urban,12,39.5,3,6,0,4.5
870,56,0,suburban,13,37.5,5,6,1,6.6
871,55,1,suburban,14,73.8,4,4,0,6.6
872,45,1,rural,8,30.7,3,2,0,4.4
873,18,0,urban,12,14.0,4,2,0,1.9
874,55,1,suburban,12,48.3,7,4,0,5.1
875,42,0,urban,10,37.1,5,7,1,6.4
876,73,1,urban,18,104.2,8,8,0,9.1
877,71,0,rural,12,39.2,5,3,0,5.2
878,88,1,urban,15,63.9,6,5,0,7.2
879,53,0,rural,11,42.2,9,3,1,7.5
880,47,1,urban,12,43.8,6,5,0,6.3
881,54,1,urban,17,65.2,8,5,1,6.4
882,39,0,rural,11,27.2,5,6,0,5.7
883,66,1,rural,15,40.5,7,8,1,7.9
884,24,1,urban,14,57.0,3,3,0,4.6
885,54,0,rural,10,43.6,6,2,0,6.6
886,61,0,suburban,12,44.4,4,3,0,5.2
887,46,0,rural,8,24.7,4,2,0,3.6
888,32,0,suburban,12,25.5,6,4,0,5.0
889,18,1,urban,11,21.7,2,2,0,3.2
890,49,1,urban,14,69.4,3,4,0,3.3
891,49,1,urban,15,50.4,6,5,1,7.5
892,48,0,urban,17,102.9,9,6,1,7.1
893,55,1,suburban,17,45.3,4,3,0,6.4
894,46,1,rural,9,32.5,5,3,0,7.0
895,19,1,urban,15,63.8,5,6,0,6.1
896,70,1,urban,13,66.1,4,5,0,5.0
897,57,1,urban,21,86.7,10,8,1,10.0
898,66,0,urban,19,55.7,8,7,1,10.0
899,26,0,suburban,12,31.0,1,1,0,1.1
900,60,1,urban,10,20.9,1,3,0,1.6
901,48,0,suburban,16,42.8,6,7,1,7.8
902,45,1,suburban,17,29.2,6,4,1,6.8
903,50,1,urban,19,52.1,7,5,1,10.0
904,79,1,suburban,16,124.4,7,8,1,7.8
905,60,1,urban,15,35.1,8,7,1,7.8
906,38,1,rural,9,23.5,5,5,0,3.4
907,45,0,suburban,13,53.8,6,4,0,4.8
908,33,1,suburban,15,44.9,4,5,1,5.9
909,51,1,suburban,15,31.6,6,2,0,6.7
910,41,1,urban,12,25.4,6,3,0,5.7
911,52,1,suburban,13,40.8,5,5,0,5.0
912,39,0,suburban,10,40.5,3,4,0,3.1
913,66,0,rural,9,22.4,6,3,0,5.9
914,86,0,suburban,13,46.4,5,6,0,7.3
915,50,1,urban,20,119.2,6,3,1,7.6
916,50,1,urban,12,30.4,7,2,0,5.1
917,60,1,rural,12,38.8,5,3,1,6.4
918,50,1,urban,12,47.5,7,5,1,6.1
919,45,0,urban,14,53.7,7,6,0,6.2
920,25,0,rural,13,23.5,2,1,0,4.6
921,47,0,suburban,12,39.3,4,7,1,6.5
922,55,0,rural,9,50.6,4,3,0,4.3
923,80,1,suburban,14,52.9,6,5,1,8.0
924,88,1,urban,14,62.8,4,6,0,4.6
925,76,0,urban,13,28.9,3,7,0,3.9
926,18,0,urban,9,12.0,3,2,0,0.0
927,53,1,suburban,14,43.1,8,5,0,9.8
928,32,1,suburban,19,64.8,5,8,0,6.5
929,60,1,rural,19,63.5,5,6,0,6.7
930,46,0,rural,11,34.4,5,3,0,4.3
931,40,0,rural,10,17.0,3,2,0,4.3
932,37,0,suburban,11,33.6,6,3,1,7.5
933,51,1,suburban,14,53.7,6,7,0,6.3
934,39,0,suburban,14,40.1,7,3,0,7.2
935,18,0,rural,13,46.2,2,4,0,2.7
936,41,1,rural,13,45.0,5,3,0,2.5
937,58,0,suburban,14,41.1,8,5,0,8.7
938,60,0,urban,13,49.3,5,3,0,3.9
939,43,1,rural,8,15.6,3,1,1,3.3
940,46,1,suburban,10,25.0,2,3,0,3.2
941,40,0,rural,12,19.7,5,4,0,5.5
942,68,1,urban,9,51.0,7,3,0,4.8
943,55,0,rural,10,51.5,2,7,0,4.5
944,47,0,rural,17,54.2,6,6,1,8.1
945,38,1,urban,17,34.8,7,7,1,6.5
946,77,0,urban,20,69.4,5,7,1,10.0
947,37,0,suburban,11,30.6,4,1,0,4.3
948,47,1,urban,12,37.0,6,2,1,6.4
949,41,1,urban,10,32.2,5,3,0,5.7
950,43,1,rural,9,26.3,4,0,0,4.9
951,30,1,urban,16,30.3,3,4,0,4.3
952,31,1,urban,13,47.7,5,1,0,2.3
953,49,1,suburban,13,73.9,5,2,0,4.6
954,63,0,suburban,20,114.6,8,8,1,9.6
955,31,0,suburban,10,40.5,3,2,0,5.7
956,43,1,urban,12,29.8,9,5,0,7.0
957,55,0,urban,13,48.1,2,3,1,6.5
958,62,1,rural,10,35.7,5,4,0,5.3
959,42,0,urban,14,36.3,9,5,0,5.4
960,56,1,suburban,19,74.2,8,6,0,6.2
961,63,1,rural,14,39.9,6,5,0,6.2
962,34,1,urban,16,69.7,6,3,1,7.7
963,38,0,suburban,14,70.8,6,1,0,6.7
964,47,1,urban,12,38.0,5,6,0,4.8
965,76,1,rural,14,33.3,5,5,0,4.7
966,45,0,urban,11,62.3,6,4,0,4.6
967,55,0,suburban,14,36.6,7,5,0,6.0
968,30,0,rural,11,51.9,6,6,0,5.9
969,50,1,rural,10,59.3,7,2,0,5.6
970,70,0,rural,13,36.3,6,6,1,7.6
971,37,0,rural,12,40.5,3,0,0,2.2
972,57,0,urban,16,36.5,8,5,0,6.6
973,75,0,suburban,11,34.3,4,4,1,6.9
974,19,0,urban,12,31.1,2,3,0,3.2
975,60,0,suburban,14,70.4,7,5,1,9.3
976,18,1,suburban,11,25.7,2,2,0,1.2
977,53,0,suburban,15,43.3,9,6,1,8.8
978,42,0,suburban,13,98.1,5,8,0,3.6
979,45,1,urban,17,67.2,7,6,1,8.1
980,30,0,urban,13,69.9,4,6,0,1.0
981,68,1,suburban,10,46.5,6,3,0,4.8
982,67,0,urban,12,55.7,7,5,0,5.1
983,44,0,urban,13,37.6,4,1,0,4.1
984,72,0,suburban,10,36.4,4,2,0,4.6
985,52,0,rural,17,95.6,8,5,0,8.7
986,25,0,rural,11,28.9,5,3,0,6.4
987,56,0,urban,9,23.1,4,3,0,4.4
988,42,1,urban,15,48.9,7,6,1,7.2
989,39,1,urban,14,56.8,2,1,0,4.0
990,36,0,suburban,8,24.7,3,1,0,3.2
991,38,1,suburban,9,19.7,5,1,1,7.0
992,27,1,urban,17,80.5,9,5,1,8.8
993,47,1,urban,17,65.5,4,4,0,5.1
994,33,0,rural,8,15.4,6,1,0,3.5
995,58,0,rural,9,23.8,5,3,0,3.7
996,41,0,rural,10,21.1,5,2,0,4.4
997,41,1,suburban,15,36.6,5,7,1,8.9
998,45,0,rural,13,88.1,7,7,1,8.7
999,47,0,suburban,15,63.5,7,3,0,5.9
1000,32,1,rural,8,16.6,3,0,0,3.7
1001,42,0,urban,8,30.9,2,0,0,2.8
1002,43,0,rural,12,39.3,5,4,0,6.6
1003,52,1,urban,9,43.6,6,5,0,4.9
1004,57,1,suburban,14,68.0,8,6,0,7.5
1005,60,1,urban,13,55.9,7,5,1,8.8
1006,18,0,rural,8,22.8,2,1,0,3.2
1007,86,1,rural,10,18.5,4,2,0,5.3
1008,34,1,suburban,12,22.9,6,3,0,2.8
1009,69,1,suburban,12,33.7,6,5,0,4.5
1010,39,1,rural,15,96.0,5,5,0,4.5
1011,38,1,urban,20,98.5,8,8,0,5.9
1012,73,1,urban,14,36.5,6,7,0,7.3
1013,72,1,urban,12,24.9,5,6,0,4.5
1014,64,0,urban,20,74.5,10,8,1,10.0
1015,26,0,suburban,13,34.9,4,4,0,2.7
1016,31,1,urban,10,23.5,4,2,0,5.0
1017,53,0,suburban,10,40.6,3,2,0,4.1
1018,59,1,urban,15,39.8,7,8,1,9.5
1019,41,1,urban,14,47.4,7,6,1,9.7
1020,58,0,urban,14,69.0,6,5,1,7.2
1021,61,0,urban,16,120.6,8,6,0,7.2
1022,28,0,rural,14,47.6,6,6,0,7.3
1023,24,0,urban,12,37.2,5,4,0,5.2
1024,49,0,suburban,16,56.8,6,2,0,6.0
1025,28,0,suburban,14,48.9,3,6,0,3.6
1026,36,0,suburban,16,60.2,8,6,1,8.7
1027,88,1,suburban,10,23.2,3,5,0,4.6
1028,49,1,rural,15,51.6,4,1,0,4.1
1029,48,1,suburban,11,17.3,6,0,0,2.7
1030,54,1,rural,18,65.4,10,6,1,9.1
1031,61,1,urban,16,54.6,9,6,0,8.7
1032,38,0,suburban,16,49.0,3,5,0,4.7
1033,55,1,suburban,16,56.5,8,6,0,7.5
1034,75,0,suburban,12,55.2,9,7,0,7.5
1035,54,0,rural,13,56.5,6,5,1,7.1
1036,75,1,rural,13,40.0,6,6,1,7.2
1037,40,1,suburban,12,20.6,1,1,1,4.7
1038,84,0,suburban,10,39.8,7,5,0,7.4
1039,54,1,suburban,11,57.9,7,3,0,8.6
1040,66,0,rural,14,34.2,4,1,0,4.1
1041,36,1,urban,12,26.8,5,2,0,3.9
1042,34,0,urban,15,23.8,5,6,1,5.4
1043,22,1,urban,18,19.6,5,6,1,6.1
1044,50,0,suburban,12,37.5,5,4,0,4.9
1045,74,1,suburban,15,37.3,6,2,0,6.9
1046,36,1,rural,13,35.6,5,2,0,5.5
1047,30,1,suburban,15,21.5,2,5,0,1.7
1048,55,1,suburban,14,43.1,7,7,1,5.8
1049,44,1,rural,13,45.1,6,4,0,5.6
1050,39,0,suburban,14,29.5,5,3,1,6.2
1051,61,0,urban,17,87.9,8,7,1,8.0
1052,49,1,suburban,11,25.7,5,1,0,6.9
1053,47,0,rural,14,46.6,6,5,0,5.2
1054,55,1,rural,12,83.5,5,2,1,6.2
1055,71,0,suburban,11,43.1,4,6,0,5.2
1056,39,1,urban,14,56.8,4,3,0,4.3
1057,18,0,suburban,13,20.5,5,5,0,6.0
1058,82,1,rural,12,26.7,6,5,0,4.5
1059,76,1,rural,13,28.8,5,6,0,7.7
1060,24,0,suburban,16,55.8,5,4,1,6.2
1061,62,0,suburban,12,54.2,7,1,1,6.4
1062,36,1,suburban,16,59.9,7,8,1,8.4
1063,29,1,urban,11,31.3,7,4,0,4.2
1064,64,0,suburban,15,62.4,5,2,1,6.3
1065,35,0,suburban,13,39.5,2,5,0,4.6
1066,48,0,urban,12,48.5,4,5,0,2.5
1067,34,0,rural,11,25.1,5,4,0,3.7
1068,61,0,urban,13,37.9,8,6,1,8.7
1069,26,0,rural,12,22.3,8,5,0,6.0
1070,88,1,suburban,12,35.4,4,1,0,4.6
1071,45,1,suburban,9,36.5,6,4,0,5.9
1072,53,1,urban,13,39.2,4,4,1,7.3
1073,55,1,urban,18,50.3,6,6,1,7.6
1074,82,0,suburban,10,59.5,6,7,0,6.6
1075,37,1,urban,15,33.3,2,3,0,3.1
1076,60,0,suburban,13,48.6,6,4,0,6.6
1077,57,1,suburban,15,60.8,6,4,0,6.3
1078,39,0,rural,17,33.1,6,0,0,4.6
1079,35,0,suburban,14,35.5,3,1,0,3.0
1080,39,1,urban,14,47.7,5,6,0,5.6
1081,63,1,rural,10,41.3,7,7,0,6.2
1082,58,1,suburban,9,16.8,6,2,0,5.9
1083,64,1,suburban,16,61.5,7,6,1,9.1
1084,33,1,urban,15,61.1,5,5,0,7.3
1085,33,0,suburban,17,27.7,5,2,0,4.7
1086,36,0,suburban,16,50.5,6,2,1,6.4
1087,45,1,suburban,15,82.3,7,4,0,5.5
1088,20,1,suburban,11,10.8,3,3,0,3.8
1089,32,0,rural,8,23.0,5,3,0,3.4
1090,65,1,rural,12,29.9,5,2,0,3.9
1091,46,0,suburban,13,45.8,5,3,0,3.9
1092,49,0,suburban,13,47.5,1,3,0,3.1
1093,37,0,rural,10,20.3,2,6,0,2.4
1094,73,0,suburban,12,49.3,7,7,0,8.2
1095,58,1,suburban,16,51.3,8,5,1,6.3
1096,69,1,suburban,15,52.0,3,2,0,4.1
1097,20,1,suburban,13,41.6,6,6,0,5.8
1098,67,1,urban,12,44.2,4,3,0,5.9
1099,38,0,suburban,13,34.8,6,7,0,6.0
1100,55,1,suburban,16,35.6,6,4,1,8.4
1101,34,1,urban,17,49.4,2,5,1,7.1
1102,52,1,suburban,13,34.7,4,1,0,4.2
1103,48,1,urban,10,33.4,4,0,0,3.6
1104,88,1,urban,13,72.5,2,1,0,4.1
1105,48,0,suburban,16,117.9,3,4,0,5.0
1106,30,1,suburban,15,39.9,8,7,1,9.2
1107,58,1,urban,13,49.7,5,6,0,4.7
1108,57,0,rural,12,60.0,7,6,1,7.7
1109,69,0,suburban,18,80.8,5,6,1,8.2
1110,56,0,urban,13,51.0,3,1,0,3.1
1111,60,1,urban,15,40.4,6,5,0,6.2
1112,61,0,rural,11,60.1,3,3,1,8.3
1113,51,1,suburban,16,69.2,6,3,0,7.4
1114,51,0,urban,13,27.2,4,3,0,5.5
1115,25,1,urban,16,31.9,5,5,0,6.1
1116,48,1,suburban,17,81.5,7,3,0,7.6
1117,47,1,rural,13,51.6,7,2,0,4.4
1118,63,1,suburban,13,52.6,2,5,0,5.2
1119,34,1,suburban,15,77.2,6,2,1,3.0
1120,48,0,suburban,13,60.4,3,1,0,4.7
1121,31,1,suburban,14,28.8,6,5,0,5.9
1122,46,0,rural,8,19.4,5,1,0,5.5
1123,34,0,urban,13,28.8,4,3,0,2.5
1124,57,0,rural,12,42.4,7,6,1,5.3
1125,25,0,rural,10,22.0,1,0,0,2.5
1126,87,1,urban,13,41.3,5,3,0,7.1
1127,45,1,urban,10,45.5,4,0,0,3.7
1128,49,0,suburban,14,39.2,4,6,0,3.4
1129,38,1,rural,13,36.6,4,2,1,5.9
1130,43,1,suburban,14,40.8,3,4,0,6.2
1131,66,0,urban,18,80.5,5,8,0,5.2
1132,58,0,suburban,15,67.7,7,6,1,9.3
1133,24,1,suburban,12,38.3,3,1,0,4.3
1134,30,0,rural,14,24.1,5,6,0,4.0
1135,38,1,urban,12,28.6,3,7,0,4.0
1136,63,0,rural,12,44.1,5,6,0,8.4
1137,39,0,suburban,10,27.4,5,3,0,5.3
1138,37,1,urban,15,45.5,8,4,1,8.0
1139,30,1,urban,11,28.7,6,3,0,3.8
1140,64,0,suburban,18,112.0,5,4,1,5.9
1141,38,1,suburban,17,32.1,2,4,0,5.4
1142,44,1,suburban,16,70.3,7,3,1,7.9
1143,43,1,suburban,14,48.7,6,7,0,5.0
1144,47,0,urban,15,77.4,5,6,0,4.2
1145,18,0,urban,13,20.0,3,1,0,3.8
1146,30,1,suburban,12,22.6,2,2,0,2.2
1147,30,1,rural,22,55.0,7,7,1,7.6
1148,36,0,rural,8,21.3,2,2,0,2.2
1149,49,0,suburban,14,32.4,7,4,0,4.8
1150,61,0,urban,12,44.6,5,3,0,6.3
1151,24,1,rural,11,18.3,3,2,0,1.9
1152,58,1,suburban,15,65.1,6,7,1,7.8
1153,24,0,rural,14,51.4,3,4,0,2.5
1154,37,1,suburban,15,27.3,5,5,0,5.1
1155,29,0,urban,14,37.8,1,3,0,2.4
1156,49,1,suburban,18,75.1,8,8,1,9.9
1157,45,0,suburban,13,66.6,7,3,0,3.2
1158,73,1,urban,11,29.6,3,4,0,3.1
1159,73,0,rural,14,57.6,5,6,0,6.2
1160,61,1,urban,16,41.6,9,6,0,8.3
1161,18,0,urban,16,30.9,5,4,0,6.0
1162,73,1,urban,14,48.4,3,5,0,3.8
1163,39,0,rural,14,34.0,6,4,0,4.8
1164,49,0,urban,15,89.9,4,6,0,3.3
1165,50,0,rural,15,72.2,4,5,0,5.1
1166,56,0,rural,13,42.9,6,7,0,4.4
1167,70,0,rural,11,52.5,7,7,0,4.8
1168,36,1,urban,10,26.5,7,1,0,4.9
1169,75,1,suburban,14,52.1,6,4,1,9.1
1170,20,1,rural,9,26.0,4,2,0,5.2
1171,45,0,suburban,10,30.9,4,3,0,4.9
1172,46,1,suburban,10,68.5,5,2,0,4.7
1173,27,1,urban,14,47.5,2,4,0,3.3
1174,36,0,urban,14,89.1,6,3,1,5.4
1175,65,0,urban,13,59.9,2,3,0,2.5
1176,36,1,urban,12,49.4,4,1,0,3.8
1177,58,0,suburban,14,49.1,2,5,0,4.0
1178,43,1,rural,20,108.3,6,7,1,8.5
1179,37,0,rural,14,64.0,6,6,0,4.8
1180,37,0,suburban,13,23.1,1,3,0,2.0
1181,25,0,suburban,9,18.1,4,0,0,3.4
1182,71,0,suburban,11,33.0,6,6,0,6.2
1183,39,1,suburban,13,36.2,6,2,0,3.8
1184,69,1,suburban,16,35.6,7,8,0,7.9
1185,46,1,rural,16,39.7,5,6,1,6.5
1186,53,0,rural,13,48.8,2,5,0,6.3
1187,44,1,rural,20,85.6,6,8,0,6.7
1188,76,1,suburban,16,46.4,5,5,0,6.1
1189,39,0,rural,10,34.8,5,7,0,5.8
1190,69,0,suburban,14,74.6,6,8,0,5.4
1191,56,1,suburban,10,24.4,5,4,0,5.4
1192,43,0,urban,13,37.6,7,3,0,5.1
1193,53,1,suburban,15,32.6,3,2,1,6.1
1194,63,0,rural,13,48.3,8,5,0,5.0
1195,25,1,rural,15,18.9,6,3,0,2.5
1196,29,0,urban,13,20.3,6,4,0,4.6
1197,27,1,urban,17,43.7,4,3,0,4.3
1198,35,1,suburban,18,109.8,4,7,0,6.4
1199,57,0,suburban,13,51.6,6,5,1,6.8
1200,80,1,suburban,15,60.6,7,4,0,6.6
1201,29,1,suburban,16,48.4,8,7,1,7.3
1202,43,1,suburban,16,59.1,6,3,1,7.2
1203,48,1,rural,14,69.6,6,5,0,6.6
1204,68,1,urban,11,28.5,6,5,1,7.4
1205,42,0,urban,15,35.3,8,7,0,7.0
1206,42,0,urban,14,48.4,8,6,1,8.0
1207,70,1,urban,11,19.3,4,3,1,8.5
1208,33,0,rural,15,59.4,3,5,0,1.7
1209,61,0,urban,10,54.3,2,3,0,4.1
1210,50,0,rural,14,50.5,3,6,0,5.8
1211,55,1,urban,15,42.7,3,3,1,5.5
1212,38,1,suburban,17,55.5,3,2,0,4.8
1213,37,1,urban,14,33.6,6,5,0,4.3
1214,52,0,rural,10,31.1,2,2,0,3.4
1215,21,1,suburban,12,12.5,2,0,0,0.0
1216,49,1,urban,12,45.7,5,3,0,6.2
1217,43,1,suburban,9,76.0,3,2,0,3.1
1218,64,1,urban,12,38.1,4,6,0,2.7
1219,47,1,suburban,15,18.0,5,4,0,7.5
1220,45,0,rural,14,63.5,4,5,0,3.9
1221,61,0,suburban,16,37.2,6,4,0,5.7
1222,63,0,urban,15,56.7,5,3,0,5.8
1223,62,1,rural,14,43.9,7,6,1,7.6
1224,31,0,suburban,15,25.2,5,4,0,3.7
1225,55,0,urban,11,32.1,5,1,0,5.7
1226,29,1,suburban,16,36.7,5,5,0,5.2
1227,18,1,urban,13,35.2,5,6,1,9.4
1228,71,0,urban,10,23.5,6,3,0,6.8
1229,57,1,urban,11,25.5,3,3,0,4.8
1230,41,0,urban,14,58.8,5,3,0,5.4
1231,51,1,suburban,10,26.1,1,2,0,2.4
1232,50,0,urban,15,31.5,5,6,0,5.4
1233,86,1,urban,13,28.1,6,6,0,6.7
1234,66,1,suburban,11,38.0,8,7,1,8.6
1235,33,1,suburban,14,37.8,2,1,0,1.9
1236,57,0,suburban,13,40.7,6,8,0,6.3
1237,46,1,suburban,19,101.4,8,7,1,9.1
1238,51,0,rural,10,52.9,1,1,0,3.8
1239,69,1,suburban,17,92.1,6,2,0,5.9
1240,52,1,urban,13,52.1,2,6,0,4.6
1241,72,0,rural,11,23.3,5,4,0,4.8
1242,33,0,urban,14,38.1,8,7,0,6.1
1243,41,0,suburban,13,61.9,5,3,0,5.3
1244,58,0,suburban,14,39.8,5,4,0,5.6
1245,39,0,urban,16,34.4,6,5,0,3.6
1246,24,1,rural,17,34.0,7,8,0,6.1
1247,63,1,suburban,12,55.0,5,5,0,4.8
1248,47,0,rural,16,42.3,5,4,1,5.6
1249,26,0,urban,15,49.4,4,6,0,5.1
1250,35,1,urban,14,32.6,1,3,0,3.0
1251,72,1,suburban,18,38.9,8,8,0,5.9
1252,29,1,urban,13,34.1,5,4,0,5.7
1253,33,1,rural,16,42.0,2,5,0,3.5
1254,51,0,urban,16,105.5,7,8,1,7.5
1255,60,1,rural,13,70.9,4,3,0,5.0
1256,35,0,urban,14,62.7,6,4,0,6.0
1257,48,1,rural,13,58.4,4,5,0,5.7
1258,31,1,suburban,17,123.7,7,6,1,7.9
1259,50,1,rural,16,73.9,3,5,0,5.9
1260,56,0,urban,14,61.9,5,6,0,6.4
1261,62,0,rural,9,48.7,8,7,1,7.5
1262,46,0,rural,12,48.8,3,2,0,3.6
1263,59,0,rural,17,58.3,6,5,0,5.7
1264,29,1,urban,13,55.9,7,6,1,8.2
1265,50,1,suburban,12,72.6,4,1,0,5.7
1266,58,1,suburban,17,108.8,4,6,0,6.1
1267,49,1,urban,15,67.0,4,4,0,6.4
1268,63,1,urban,12,72.9,6,3,1,7.1
1269,38,1,rural,13,44.6,6,4,0,5.3
1270,46,1,rural,12,29.3,7,6,0,5.9
1271,58,1,suburban,16,57.9,7,6,1,7.8
1272,57,0,suburban,11,24.7,7,5,0,7.8
1273,24,0,suburban,15,27.8,5,2,0,3.4
1274,63,1,suburban,14,54.6,7,5,0,6.3
1275,44,0,rural,16,29.2,6,4,0,5.9
1276,40,0,rural,14,45.9,7,2,0,6.3
1277,29,0,suburban,14,47.9,8,5,1,7.6
1278,44,1,rural,14,31.7,2,1,0,3.3
1279,35,0,urban,17,58.9,5,7,0,6.6
1280,35,1,urban,14,33.6,4,5,0,4.2
1281,65,1,rural,13,67.7,7,6,0,8.0
1282,55,0,suburban,16,38.0,4,4,0,2.4
1283,62,0,urban,11,25.7,4,5,0,7.0
1284,71,1,suburban,12,36.1,7,3,0,5.4
1285,58,0,rural,14,66.1,6,7,0,6.5
1286,28,1,urban,9,32.9,5,0,0,2.9
1287,51,1,suburban,16,40.0,3,0,0,1.1
1288,75,1,rural,8,34.9,3,5,0,3.3
1289,35,1,suburban,12,33.1,3,4,0,5.2
1290,27,1,rural,14,19.6,6,6,0,4.9
1291,79,1,rural,12,55.8,7,7,1,6.7
1292,18,1,urban,15,30.2,3,3,0,1.6
1293,26,1,suburban,16,63.6,7,7,1,8.0
1294,28,0,urban,15,25.6,6,4,0,4.1
1295,55,1,urban,13,44.1,3,5,0,5.1
1296,49,0,rural,13,38.4,4,6,1,5.2
1297,43,1,rural,18,58.0,4,4,0,5.1
1298,18,1,rural,10,39.6,4,4,0,3.7
1299,48,0,suburban,16,18.4,5,3,0,4.8
1300,60,0,urban,15,77.6,4,4,0,6.5
1301,56,1,rural,14,74.4,7,3,0,6.3
1302,38,1,urban,10,35.4,2,1,0,2.0
1303,63,0,rural,17,83.2,6,7,0,7.7
1304,59,1,urban,14,34.8,3,2,0,3.3
1305,24,0,urban,15,33.8,3,1,0,2.2
1306,87,1,suburban,11,34.6,4,3,0,6.5
1307,59,0,urban,15,55.6,7,7,0,7.1
1308,33,0,urban,8,22.6,5,3,1,5.2
1309,72,1,rural,13,42.4,8,5,0,7.5
1310,50,1,suburban,13,22.1,5,7,0,6.0
1311,65,1,rural,15,55.7,5,3,0,5.5
1312,24,0,urban,15,47.7,2,2,0,4.2
1313,53,1,suburban,9,36.0,4,5,0,3.7
1314,34,1,rural,13,24.6,5,5,0,5.7
1315,50,0,suburban,11,42.2,5,4,0,3.5
1316,45,0,rural,9,31.5,3,2,1,5.3
1317,33,1,rural,17,51.3,7,3,0,5.9
1318,46,0,suburban,16,65.2,6,4,0,5.8
1319,40,1,urban,16,34.1,4,5,0,6.4
1320,66,1,rural,8,23.4,5,3,0,4.2
1321,45,1,urban,14,39.2,4,4,0,4.3
1322,27,0,suburban,8,59.0,6,3,0,4.5
1323,63,0,urban,17,80.1,7,6,1,8.6
1324,41,1,suburban,9,20.7,4,3,0,5.4
1325,33,1,urban,15,26.8,6,8,0,7.9
1326,48,0,rural,13,61.8,2,2,0,6.8
1327,62,0,urban,14,53.9,6,8,0,5.0
1328,49,1,urban,14,39.5,8,5,0,6.6
1329,68,1,rural,10,46.2,4,6,0,3.9
1330,30,0,urban,13,36.7,5,2,1,6.4
1331,43,0,suburban,12,63.1,7,2,0,6.0
1332,65,1,suburban,8,73.7,5,2,0,5.7
1333,54,0,suburban,15,37.9,5,4,0,7.1
1334,34,1,suburban,14,104.4,7,6,1,6.1
1335,38,1,urban,11,82.2,10,6,1,8.6
1336,46,1,suburban,16,23.5,4,6,0,6.6
1337,53,0,urban,10,55.3,5,3,0,5.4
1338,23,0,urban,16,47.2,6,4,0,3.3
1339,49,0,rural,17,29.1,7,8,0,5.8
1340,34,0,urban,14,44.3,4,5,0,4.3
1341,63,1,suburban,14,41.9,7,3,1,6.4
1342,32,1,suburban,12,25.5,4,4,0,3.8
1343,56,1,urban,11,63.3,3,5,1,8.4
1344,73,0,suburban,16,92.1,8,6,0,3.7
1345,48,0,urban,18,88.4,9,7,0,7.8
1346,67,1,rural,12,54.9,7,6,0,6.3
1347,72,1,suburban,18,105.1,9,7,1,7.4
1348,58,1,suburban,12,35.2,6,6,1,6.8
1349,22,1,rural,13,27.2,6,4,0,3.8
1350,33,1,urban,11,40.5,3,4,0,3.9
1351,56,0,suburban,13,39.7,5,3,1,7.8
1352,43,0,suburban,12,58.6,2,1,0,3.1
1353,51,0,suburban,13,93.0,5,4,0,6.0
1354,62,1,urban,15,50.8,6,5,1,8.2
1355,35,0,suburban,14,65.1,6,7,0,4.0
1356,44,1,suburban,17,64.3,4,1,0,0.7
1357,52,0,urban,11,42.9,4,3,0,4.8
1358,48,1,suburban,8,33.8,4,1,0,2.6
1359,45,1,suburban,15,64.2,8,8,0,5.3
1360,48,1,suburban,19,62.3,7,7,1,6.1
1361,72,1,rural,13,54.2,2,6,0,4.6
1362,34,1,suburban,15,51.0,5,4,0,5.3
1363,28,0,suburban,21,87.2,4,4,0,2.4
1364,68,1,rural,16,91.5,3,2,0,4.2
1365,18,1,suburban,14,31.4,4,7,1,5.4
1366,70,1,rural,14,31.8,4,4,0,4.1
1367,43,0,rural,8,19.9,7,3,0,5.9
1368,44,1,suburban,13,34.4,3,3,0,1.9
1369,69,0,rural,16,63.2,7,3,0,6.2
1370,54,1,rural,13,49.1,7,4,0,8.1
1371,57,0,urban,18,78.8,4,5,0,5.9
1372,46,1,suburban,12,58.6,5,3,1,7.1
1373,75,0,suburban,13,26.7,7,3,0,6.9
1374,58,0,urban,18,159.0,6,6,0,5.5
1375,54,0,suburban,14,50.5,5,7,0,7.9
1376,47,1,urban,16,72.2,10,6,1,7.3
1377,44,1,rural,14,26.5,7,3,0,7.3
1378,51,1,urban,11,45.6,6,1,0,3.7
1379,58,1,suburban,12,34.4,6,5,0,4.8
1380,44,0,suburban,8,34.7,4,3,0,4.7
1381,53,1,urban,12,74.0,5,6,0,6.3
1382,47,1,suburban,13,37.7,4,7,0,4.8
1383,57,0,suburban,19,86.7,10,6,0,8.5
1384,36,1,rural,12,28.3,7,3,0,5.5
1385,48,1,urban,12,31.9,2,4,0,6.1
1386,60,1,urban,16,79.3,8,4,0,4.1
1387,32,0,urban,12,35.0,5,3,0,4.6
1388,79,1,suburban,14,42.4,7,7,0,5.7
1389,30,0,suburban,13,79.0,6,2,1,7.6
1390,52,1,urban,17,39.4,7,4,0,6.9
1391,39,1,urban,9,21.9,1,2,0,2.2
1392,47,1,rural,9,22.3,4,0,0,5.3
1393,51,0,suburban,15,29.8,4,1,0,2.0
1394,72,1,suburban,11,41.6,6,3,0,5.5
1395,34,0,urban,11,75.7,4,5,0,4.2
1396,42,1,urban,16,60.4,4,4,0,4.1
1397,69,1,urban,19,55.4,9,7,1,8.6
1398,44,0,urban,14,48.0,5,4,1,6.5
1399,61,1,urban,18,136.4,8,7,1,7.9
1400,18,1,suburban,13,25.3,6,3,0,3.8
1401,35,0,urban,15,60.7,4,5,0,4.9
1402,56,0,rural,20,85.1,6,7,1,7.0
1403,29,0,rural,14,45.8,5,5,0,5.8
1404,36,0,urban,11,18.9,3,5,0,3.9
1405,57,0,suburban,17,63.3,5,7,0,6.2
1406,67,1,urban,18,66.3,6,6,1,8.7
1407,32,0,urban,15,24.3,5,5,0,4.5
1408,57,1,suburban,12,44.8,9,7,1,8.0
1409,61,1,urban,18,86.1,9,7,1,8.8
1410,73,0,rural,13,37.6,4,5,0,4.5
1411,54,0,suburban,13,32.0,4,3,0,5.2
1412,55,1,urban,13,45.8,3,0,0,3.6
1413,48,1,urban,12,54.9,6,1,0,5.0
1414,61,1,suburban,11,40.7,2,1,1,4.3
1415,74,0,suburban,14,61.2,5,5,0,5.8
1416,50,0,urban,17,64.4,6,8,1,9.3
1417,57,1,suburban,19,55.5,8,7,1,8.9
1418,18,1,urban,20,44.4,8,8,0,5.9
1419,49,0,suburban,15,55.4,8,2,0,4.6
1420,49,0,urban,18,85.0,8,5,0,8.8
1421,52,1,suburban,11,27.4,4,4,0,4.7
1422,49,1,suburban,12,50.8,5,5,0,4.3
1423,54,1,rural,16,64.5,4,5,0,4.4
1424,45,1,urban,16,97.0,8,7,0,5.6
1425,66,0,urban,11,51.4,4,4,0,3.9
1426,59,1,suburban,20,78.3,7,7,1,8.0
1427,45,1,urban,16,46.1,4,5,0,1.6
1428,18,1,suburban,11,14.7,5,2,0,4.4
1429,44,1,urban,13,31.6,5,5,0,5.6
1430,37,1,urban,17,68.5,5,3,0,6.6
1431,37,1,urban,15,73.4,6,8,0,7.4
1432,54,0,rural,17,39.7,6,6,1,8.1
1433,60,0,urban,18,88.3,4,7,0,6.2
1434,55,0,urban,14,79.6,5,5,0,6.2
1435,63,0,suburban,12,50.6,5,8,1,9.0
1436,31,0,urban,13,53.9,2,2,0,0.7
1437,58,1,urban,17,54.0,6,8,0,8.3
1438,54,0,urban,16,56.1,5,4,1,5.7
1439,62,0,suburban,11,41.2,8,6,1,7.7
1440,23,0,suburban,17,53.2,4,5,0,3.4
1441,76,0,rural,18,61.9,3,6,1,7.8
1442,40,0,suburban,13,28.7,6,5,0,4.8
1443,55,1,rural,16,41.9,6,7,0,5.5
1444,46,1,suburban,12,27.9,5,6,0,5.2
1445,40,1,rural,13,26.1,5,5,0,5.7
1446,61,0,urban,15,93.5,7,7,1,8.5
1447,40,1,suburban,12,54.6,5,5,0,5.3
1448,68,1,suburban,11,37.9,6,3,0,4.9
1449,54,0,suburban,16,45.1,4,5,0,2.4
1450,18,1,urban,18,103.6,5,4,0,6.0
1451,46,0,suburban,16,44.7,8,8,1,9.3
1452,41,0,urban,12,29.0,4,5,0,2.7
1453,36,0,rural,19,48.0,3,8,1,7.3
1454,57,0,urban,14,67.2,3,0,0,5.0
1455,49,1,suburban,15,62.8,5,2,0,4.7
1456,53,0,rural,16,82.7,4,2,0,5.0
1457,34,0,suburban,13,34.3,9,6,0,4.9
1458,36,0,urban,12,40.3,2,2,0,2.9
1459,24,0,urban,12,25.6,6,8,1,6.6
1460,43,1,suburban,19,68.6,3,4,0,3.3
1461,58,1,suburban,12,59.1,2,2,0,5.8
1462,47,1,urban,14,37.7,5,6,0,5.4
1463,31,1,urban,15,64.7,5,3,0,3.2
1464,67,0,urban,15,82.5,6,6,1,7.7
1465,50,1,urban,15,41.1,5,6,0,4.9
1466,60,0,rural,12,37.3,4,6,0,7.6
1467,43,1,rural,9,28.1,5,4,0,6.3
1468,47,0,suburban,15,43.3,7,1,0,6.4
1469,19,1,urban,12,28.1,4,4,0,4.2
1470,40,1,rural,17,51.8,5,4,1,7.7
1471,41,0,rural,10,40.4,3,2,0,4.0
1472,60,0,rural,12,45.5,7,5,1,8.1
1473,58,0,suburban,11,28.7,4,3,0,6.5
1474,51,0,suburban,18,93.0,10,6,1,8.8
1475,51,0,rural,12,53.2,7,4,0,5.0
1476,43,0,rural,15,65.9,5,3,0,2.9
1477,48,0,urban,12,26.1,3,7,0,6.7
1478,40,0,suburban,16,52.7,5,6,0,5.5
1479,48,1,suburban,11,53.3,6,3,1,6.5
1480,61,0,rural,13,39.6,5,5,0,5.2
1481,55,0,rural,15,30.8,3,7,0,4.3
1482,71,0,urban,8,30.3,1,0,0,3.8
1483,53,1,rural,8,12.5,3,1,0,4.1
1484,64,1,rural,11,54.3,4,1,0,4.8
1485,53,0,urban,12,48.3,5,6,1,6.4
1486,18,0,urban,12,37.7,6,5,0,5.4
1487,55,0,suburban,11,43.7,3,1,0,6.8
1488,50,1,suburban,11,14.1,1,4,0,4.4
1489,47,1,rural,10,36.6,3,2,0,4.3
1490,36,0,rural,13,27.4,3,1,0,4.3
1491,72,1,suburban,12,46.6,4,2,1,5.5
1492,33,1,rural,10,15.5,3,2,0,3.0
1493,42,1,urban,11,26.4,6,5,0,5.5
1494,36,0,rural,13,30.5,5,5,0,6.0
1495,69,0,rural,14,73.4,6,4,0,6.8
1496,54,1,urban,15,68.9,4,4,0,4.0
1497,33,1,urban,13,39.3,4,6,0,4.2
1498,29,1,rural,13,35.1,8,2,0,3.7
1499,28,0,urban,15,40.7,4,5,0,2.7
1500,30,0,rural,11,35.9,3,4,0,3.5
1501,26,0,urban,11,29.8,4,3,0,4.6
1502,58,0,suburban,13,63.9,6,6,0,5.1
1503,69,0,urban,11,66.4,6,3,0,3.5
1504,33,0,suburban,17,51.0,6,7,0,7.1
1505,18,0,suburban,16,32.3,2,3,0,4.1
1506,41,1,rural,10,34.8,3,2,0,5.0
1507,35,0,suburban,11,21.6,5,1,0,3.2
1508,38,1,rural,10,25.7,4,2,0,3.1
1509,44,0,suburban,12,57.8,4,4,0,3.8
1510,46,0,urban,15,37.9,4,4,0,4.4
1511,50,1,rural,17,75.9,7,8,0,6.6
1512,30,1,rural,15,42.7,5,6,0,4.2
1513,34,1,rural,14,30.6,4,4,0,5.5
1514,21,0,rural,10,19.9,5,6,0,5.7
1515,64,1,urban,14,72.9,6,7,0,4.5
1516,40,1,rural,12,36.1,5,3,0,4.8
1517,18,0,urban,12,41.8,5,3,0,4.1
1518,41,1,urban,13,39.3,3,3,0,4.9
1519,75,1,suburban,14,45.7,8,3,1,8.8
1520,56,1,urban,19,53.3,10,7,1,10.0
1521,18,0,rural,8,35.0,3,4,0,3.5
1522,37,1,rural,16,75.1,7,5,0,6.2
1523,42,0,urban,9,28.4,4,1,0,4.8
1524,22,0,suburban,13,29.0,6,4,0,4.6
1525,62,0,rural,13,60.5,4,6,0,7.4
1526,88,0,suburban,16,39.9,4,6,0,6.6
1527,71,0,suburban,17,103.8,7,6,1,6.9
1528,26,1,suburban,15,61.5,4,2,0,3.8
1529,57,1,suburban,12,75.8,5,2,0,5.7
1530,53,0,rural,16,73.7,7,5,0,5.1
1531,31,1,suburban,16,33.3,6,2,0,6.1
1532,52,1,rural,18,78.4,10,7,1,8.8
1533,49,1,urban,13,59.0,4,2,0,3.7
1534,57,0,suburban,16,61.3,4,6,0,5.6
1535,71,1,rural,13,22.7,6,5,0,4.7
1536,55,1,urban,16,71.4,4,4,1,8.3
1537,42,1,suburban,10,46.7,3,3,0,5.5
1538,61,1,suburban,14,45.4,5,8,0,5.4
1539,49,0,suburban,11,72.3,4,6,0,2.6
1540,51,1,rural,15,49.2,6,2,0,5.8
1541,66,0,urban,14,35.4,4,1,0,4.3
1542,23,0,suburban,11,22.0,4,2,0,4.7
1543,49,1,urban,12,66.1,4,5,0,3.3
1544,41,0,suburban,15,35.3,5,5,1,8.3
1545,61,1,suburban,15,90.7,6,7,1,7.0
1546,23,0,rural,16,40.7,4,4,0,4.5
1547,69,0,suburban,10,45.0,2,4,0,3.4
1548,87,1,suburban,10,34.8,8,5,1,8.6
1549,39,1,urban,18,62.5,10,6,1,8.1
1550,35,1,urban,12,48.5,4,4,1,6.1
1551,25,0,suburban,11,43.2,4,2,0,2.6
1552,39,0,rural,15,72.7,5,5,0,5.3
1553,70,1,urban,12,46.3,6,6,1,6.1
1554,29,1,urban,13,34.0,5,6,1,5.2
1555,47,0,suburban,14,49.9,5,6,0,5.5
1556,49,1,urban,15,67.5,2,4,0,3.9
1557,18,0,suburban,14,23.1,6,5,0,4.2
1558,35,1,suburban,15,15.7,5,3,0,4.4
1559,70,0,suburban,14,52.6,8,8,1,8.9
1560,71,0,urban,17,40.1,7,7,0,6.4
1561,55,1,urban,10,39.9,2,2,0,2.0
1562,43,0,urban,15,58.5,3,4,0,3.6
1563,70,0,urban,15,43.3,5,5,0,5.2
1564,34,1,suburban,16,63.1,6,7,0,5.3
1565,54,0,suburban,10,51.4,4,2,0,6.5
1566,39,0,urban,17,48.6,6,5,0,5.5
1567,42,1,rural,14,49.1,1,2,0,3.0
1568,86,1,rural,11,48.1,4,3,0,4.3
1569,72,0,urban,17,71.4,5,4,0,6.4
1570,53,1,suburban,19,72.9,4,4,1,7.8
1571,72,0,rural,14,38.1,8,3,0,6.4
1572,21,0,rural,11,15.3,2,3,0,3.6
1573,54,0,rural,16,48.1,6,5,1,6.2
1574,18,0,urban,16,43.6,2,5,1,5.3
1575,44,1,suburban,14,61.4,8,7,1,10.0
1576,29,0,suburban,14,75.4,4,5,0,4.9
1577,26,1,rural,12,19.4,5,1,0,3.6
1578,49,1,urban,15,47.4,4,4,0,4.9
1579,27,1,rural,13,26.3,4,4,0,2.5
1580,56,0,suburban,15,31.1,6,7,0,5.9
1581,44,0,urban,13,51.5,2,1,0,3.4
1582,46,1,suburban,16,72.6,5,8,1,8.4
1583,46,1,rural,12,27.4,5,5,0,6.1
1584,56,1,rural,12,31.1,6,8,0,5.8
1585,34,1,suburban,13,36.4,4,3,0,3.3
1586,55,1,rural,13,49.3,5,5,0,5.4
1587,73,0,urban,13,45.0,7,5,0,7.7
1588,53,0,urban,15,52.9,4,1,0,4.2
1589,36,0,rural,15,64.0,9,8,0,7.9
1590,47,1,suburban,12,79.4,1,3,0,3.2
1591,57,0,suburban,10,59.4,4,7,0,1.7
1592,73,0,urban,16,35.2,9,7,1,8.9
1593,51,1,rural,15,45.4,8,7,1,7.1
1594,57,0,urban,9,25.0,3,1,0,4.1
1595,51,1,rural,15,56.1,5,6,0,7.9
1596,64,1,rural,12,38.9,6,6,0,5.5
1597,24,0,rural,20,64.3,6,8,1,7.5
1598,58,1,rural,19,125.4,6,6,1,7.3
1599,18,0,urban,10,26.9,3,4,0,3.4
1600,44,0,urban,13,49.5,3,5,0,3.9
1601,32,1,urban,14,61.3,2,3,0,5.2
1602,74,0,rural,10,42.2,6,1,0,4.7
1603,29,1,suburban,15,50.3,6,3,0,6.0
1604,58,0,suburban,12,50.4,8,8,1,7.4
1605,48,1,suburban,16,101.8,5,7,0,5.4
1606,31,0,rural,12,19.8,0,4,0,1.8
1607,33,1,suburban,15,38.3,5,2,0,4.9
1608,21,0,urban,14,37.3,4,2,0,4.7
1609,27,0,suburban,13,28.0,5,6,0,5.2
1610,57,0,suburban,13,48.1,5,3,0,3.7
1611,32,1,urban,14,47.3,6,6,0,5.1
1612,66,1,suburban,12,41.9,5,2,0,5.4
1613,37,0,urban,14,66.4,5,7,0,6.1
1614,48,1,urban,11,26.2,5,4,0,6.0
1615,56,0,suburban,14,36.6,5,4,0,9.6
1616,48,0,rural,14,38.1,3,5,0,4.3
1617,42,0,rural,11,22.1,4,2,0,4.6
1618,73,1,rural,10,29.0,3,1,0,4.0
1619,51,0,suburban,13,40.6,2,1,0,5.2
1620,28,1,urban,12,39.3,4,4,0,4.9
1621,58,0,rural,16,59.7,6,5,0,7.6
1622,67,0,rural,12,50.1,1,4,1,3.7
1623,42,1,suburban,16,34.1,6,4,0,3.7
1624,50,1,urban,11,16.0,4,6,0,4.8
1625,49,0,urban,11,61.9,5,3,0,4.7
1626,20,1,suburban,10,32.1,5,3,0,3.4
1627,49,0,rural,11,78.3,5,5,0,6.9
1628,61,0,suburban,13,60.0,5,5,0,6.5
1629,27,1,rural,11,27.8,4,5,0,4.1
1630,57,1,urban,13,29.5,5,8,0,5.2
1631,44,0,urban,16,41.8,6,6,0,7.7
1632,49,1,suburban,20,73.5,7,6,0,6.9
1633,35,0,urban,13,68.9,5,6,0,1.3
1634,56,0,rural,11,25.1,3,3,0,4.1
1635,51,0,suburban,14,40.3,3,5,0,4.7
1636,43,1,suburban,13,41.1,2,3,0,3.8
1637,27,1,suburban,12,28.9,6,4,0,5.2
1638,39,1,suburban,15,42.7,3,3,0,3.5
1639,44,1,rural,8,39.1,3,5,0,2.3
1640,36,0,suburban,14,40.0,6,4,1,7.7
1641,22,1,suburban,10,19.4,4,4,0,4.2
1642,42,1,suburban,13,45.4,6,5,0,5.3
1643,50,1,suburban,16,88.8,7,8,1,8.1
1644,51,1,suburban,11,53.3,4,3,0,5.0
1645,53,1,rural,15,51.8,4,1,0,5.0
1646,68,0,rural,11,32.4,3,8,1,6.7
1647,63,1,suburban,16,41.7,4,4,1,7.8
1648,67,0,rural,10,65.8,5,7,0,6.9
1649,20,1,urban,11,40.6,2,1,0,4.3
1650,26,1,suburban,21,56.8,6,6,0,4.6
1651,59,1,rural,11,34.4,6,2,0,6.3
1652,38,0,rural,14,81.3,5,3,0,4.9
1653,35,1,urban,11,40.5,6,3,0,3.7
1654,45,1,suburban,18,90.4,9,8,0,6.9
1655,39,1,suburban,16,97.9,6,6,1,8.1
1656,18,0,suburban,11,18.0,5,5,0,4.7
1657,39,1,suburban,14,36.0,5,2,0,5.9
1658,53,0,rural,12,54.6,6,5,0,4.1
1659,18,0,suburban,17,68.1,3,6,0,5.3
1660,23,0,rural,14,20.2,6,5,0,5.1
1661,42,0,rural,12,28.8,5,6,0,4.6
1662,50,1,suburban,10,43.6,3,6,0,4.8
1663,45,1,suburban,12,26.4,5,3,0,4.8
1664,36,1,rural,13,21.8,4,5,1,6.2
1665,38,0,rural,16,48.0,4,3,0,5.2
1666,56,1,suburban,15,68.6,10,8,0,10.0
1667,36,1,suburban,11,20.8,3,2,0,5.4
1668,52,1,rural,14,67.3,9,5,1,6.1
1669,39,1,rural,14,38.8,5,6,1,7.8
1670,30,1,urban,14,46.1,5,1,0,3.5
1671,48,0,rural,8,50.1,3,1,0,5.2
1672,52,0,urban,20,62.3,8,8,1,6.4
1673,60,1,urban,18,89.1,8,8,1,8.3
1674,20,0,rural,13,15.3,3,2,0,2.1
1675,35,1,suburban,19,67.8,4,4,0,3.3
1676,44,1,rural,15,32.3,6,7,0,6.0
1677,58,1,rural,9,38.6,4,4,0,4.8
1678,81,1,urban,14,84.6,6,6,0,6.7
1679,64,0,urban,13,38.1,8,8,0,6.1
1680,57,0,suburban,14,54.5,6,6,0,6.2
1681,52,0,rural,12,65.4,4,4,0,4.3
1682,43,1,suburban,8,41.1,5,1,0,4.2
1683,37,1,urban,16,36.4,10,6,0,7.1
1684,41,0,suburban,11,35.2,3,5,0,3.4
1685,28,0,rural,16,25.8,5,6,0,3.6
1686,30,0,rural,14,32.2,3,5,0,2.7
1687,33,0,urban,14,28.2,6,7,0,6.4
1688,69,1,urban,13,65.8,5,6,0,5.5
1689,42,1,urban,8,22.0,7,1,0,5.6
1690,24,1,urban,13,21.3,4,1,0,3.5
1691,41,0,rural,17,65.1,7,6,0,7.5
1692,66,0,rural,8,20.0,1,1,0,1.3
1693,52,1,rural,10,46.3,6,4,0,5.0
1694,50,1,urban,14,69.9,4,5,0,5.4
1695,34,0,urban,18,41.1,8,7,1,9.1
1696,50,1,rural,13,59.8,4,5,0,7.5
1697,40,0,rural,11,28.6,1,0,0,2.3
1698,85,0,suburban,10,32.9,3,1,0,5.2
1699,39,0,rural,11,26.1,3,0,0,5.9
1700,41,1,rural,15,43.3,7,4,0,2.8
1701,45,1,suburban,11,52.5,8,4,0,4.6
1702,83,1,urban,15,51.7,2,3,0,5.3
1703,48,0,urban,14,54.1,6,2,0,5.2
1704,54,1,suburban,13,40.2,7,6,0,6.5
1705,76,0,urban,13,26.6,3,8,0,6.5
1706,49,1,suburban,17,64.5,5,5,0,5.7
1707,27,0,suburban,14,37.1,3,7,0,3.7
1708,50,1,rural,13,33.0,2,0,0,2.9
1709,57,0,rural,18,87.0,5,5,0,6.5
1710,47,1,suburban,17,48.7,7,4,0,5.3
1711,64,0,rural,13,70.6,4,2,1,8.1
1712,19,1,urban,12,33.5,4,5,1,5.2
1713,24,1,urban,15,30.0,4,1,0,5.2
1714,68,0,suburban,14,42.2,4,7,0,5.0
1715,47,1,suburban,15,40.8,6,6,0,5.4
1716,35,0,suburban,11,45.6,4,5,0,4.8
1717,59,0,rural,11,54.1,4,4,0,5.0
1718,70,1,rural,11,31.8,3,4,0,5.8
1719,28,1,urban,15,37.7,4,5,0,3.8
1720,38,0,suburban,19,59.9,5,7,0,4.4
1721,51,1,rural,15,92.9,4,4,0,3.2
1722,38,0,suburban,12,23.0,5,6,0,3.8
1723,29,0,rural,12,40.3,4,2,0,2.8
1724,32,1,urban,11,53.2,4,2,0,2.3
1725,62,1,rural,14,42.7,4,4,0,6.3
1726,45,0,rural,14,58.5,5,5,0,5.6
1727,52,1,urban,16,47.4,10,5,0,7.4
1728,43,0,urban,12,27.9,7,7,0,8.0
1729,65,0,suburban,13,85.1,10,8,1,8.5
1730,68,1,suburban,13,41.3,7,7,0,8.4
1731,36,0,suburban,15,43.7,6,3,0,5.6
1732,63,0,rural,16,74.8,7,6,0,6.0
1733,46,1,urban,14,53.8,5,8,1,7.0
1734,23,0,rural,14,40.8,5,2,0,5.0
1735,20,1,urban,16,23.0,6,3,1,5.2
1736,53,0,urban,10,52.2,8,7,1,7.4
1737,52,0,urban,14,52.2,9,4,0,6.7
1738,41,0,urban,16,60.8,6,4,0,6.3
1739,57,0,urban,12,57.6,7,7,1,7.7
1740,43,0,urban,17,79.6,4,6,0,5.9
1741,46,0,suburban,14,32.8,5,3,0,5.6
1742,49,1,suburban,10,23.7,5,5,0,5.2
1743,31,0,suburban,16,36.6,7,8,1,10.0
1744,69,1,urban,12,20.0,6,5,0,5.9
1745,33,1,rural,14,22.6,3,6,0,4.5
1746,70,1,suburban,15,31.9,7,8,0,6.5
1747,50,1,suburban,13,45.1,5,4,1,4.0
1748,35,1,urban,12,42.3,7,3,1,6.3
1749,35,1,rural,11,19.6,4,2,1,4.9
1750,59,1,rural,18,69.8,7,5,1,8.1
1751,48,1,rural,12,50.1,6,2,1,6.2
1752,72,0,rural,12,35.6,1,5,0,4.1
1753,40,0,urban,10,42.6,3,4,0,2.7
1754,49,1,rural,19,80.9,6,5,0,8.3
1755,48,0,urban,13,38.3,7,4,1,7.0
1756,28,0,urban,20,54.1,3,5,0,6.5
1757,51,0,suburban,12,67.7,4,6,0,5.3
1758,68,0,urban,13,102.9,8,6,1,9.3
1759,53,0,suburban,17,73.2,6,5,1,7.8
1760,36,1,urban,13,39.8,1,2,0,2.0
1761,60,0,rural,11,35.0,8,2,1,6.1
1762,39,0,suburban,13,41.9,5,2,0,5.1
1763,49,1,suburban,16,56.1,6,5,0,4.6
1764,48,0,urban,17,45.5,3,2,0,5.3
1765,56,0,urban,17,56.9,6,2,0,4.2
1766,34,1,urban,12,31.7,2,1,0,1.3
1767,42,1,rural,14,59.7,5,8,0,4.2
1768,42,1,urban,16,58.2,7,8,1,7.1
1769,36,0,suburban,9,24.3,5,5,0,3.9
1770,20,0,urban,14,14.7,4,5,0,3.8
1771,35,1,urban,15,56.1,4,3,0,3.9
1772,35,0,suburban,17,56.1,7,6,0,5.6
1773,27,0,urban,11,48.3,4,1,0,2.6
1774,65,1,rural,8,49.7,5,4,0,5.4
1775,56,1,urban,19,58.8,7,5,0,7.4
1776,29,0,rural,13,22.3,4,3,0,5.2
1777,33,1,urban,9,56.7,1,1,0,1.9
1778,62,1,suburban,12,31.2,5,1,0,5.3
1779,52,0,rural,14,52.0,7,5,0,6.1
1780,31,1,suburban,14,32.0,4,4,0,5.8
1781,38,1,suburban,11,36.4,4,7,0,7.0
1782,60,0,urban,15,108.1,6,8,1,9.1
1783,81,0,suburban,11,21.2,7,3,0,6.9
1784,80,1,urban,14,45.1,7,2,1,8.8
1785,67,0,urban,16,56.3,4,7,1,8.8
1786,37,1,rural,17,78.8,5,6,0,7.5
1787,57,0,suburban,16,126.3,7,7,0,8.2
1788,57,0,suburban,16,45.4,7,6,0,7.6
1789,33,1,urban,15,36.4,4,4,1,5.9
1790,55,1,suburban,15,41.2,4,7,0,6.3
1791,38,1,urban,16,90.6,7,5,0,8.6
1792,42,1,suburban,15,25.4,4,3,0,4.3
1793,38,0,rural,13,56.4,5,7,0,4.8
1794,36,1,urban,11,27.9,5,4,0,3.7
1795,53,1,suburban,14,35.0,6,6,0,6.6
1796,26,1,rural,12,52.3,2,1,0,1.7
1797,35,1,rural,14,37.6,7,6,1,7.7
1798,75,1,urban,12,35.7,3,5,0,4.6
1799,68,1,suburban,13,74.6,6,5,0,7.4
1800,40,1,suburban,15,80.4,6,6,0,4.8
1801,59,0,suburban,18,71.0,7,5,1,8.9
1802,18,0,urban,16,55.4,7,5,1,8.1
1803,23,0,suburban,17,17.3,2,5,0,3.8
1804,34,1,urban,16,22.3,7,3,0,3.5
1805,42,1,rural,15,77.4,9,6,0,7.8
1806,46,0,urban,10,28.5,4,4,1,5.8
1807,47,1,urban,15,40.9,3,3,0,6.3
1808,31,0,urban,14,43.1,5,5,0,4.6
1809,58,0,urban,12,65.3,6,4,0,6.9
1810,67,0,rural,11,46.3,1,2,0,4.0
1811,28,1,suburban,11,24.6,3,2,0,6.2
1812,18,1,suburban,16,26.5,5,4,0,6.1
1813,43,1,urban,16,31.2,6,2,0,3.6
1814,50,1,suburban,8,23.5,2,1,0,3.5
1815,41,0,suburban,18,43.7,7,6,0,6.3
1816,77,0,rural,14,112.8,6,3,0,6.7
1817,29,0,urban,8,59.1,3,3,0,2.0
1818,49,0,urban,15,33.7,5,3,1,6.3
1819,34,1,suburban,8,23.7,3,2,0,2.6
1820,64,1,urban,10,13.4,4,4,0,5.4
1821,78,1,urban,16,51.2,10,8,1,9.8
1822,57,0,rural,14,37.9,7,6,1,9.0
1823,65,0,rural,13,45.5,7,5,0,6.7
1824,24,0,urban,11,21.2,5,5,0,3.8
1825,36,0,rural,15,46.0,5,3,1,5.2
1826,88,0,urban,8,15.8,6,1,0,7.3
1827,46,1,urban,16,57.7,4,2,0,3.3
1828,56,0,suburban,17,50.5,6,5,0,4.5
1829,54,0,urban,12,38.3,4,4,0,4.2
1830,60,0,urban,15,52.1,5,3,0,4.2
1831,37,1,urban,15,30.7,6,5,1,5.1
1832,46,1,rural,14,43.3,6,3,0,6.6
1833,47,1,urban,11,31.1,6,5,1,6.0
1834,36,0,suburban,12,21.6,5,7,0,6.2
1835,70,0,suburban,8,34.0,6,1,1,6.1
1836,41,1,suburban,12,56.7,4,4,0,6.5
1837,32,1,suburban,12,32.7,6,1,0,4.4
1838,55,0,urban,15,104.1,1,1,0,4.6
1839,25,0,rural,13,20.8,5,6,0,2.9
1840,39,1,suburban,16,53.7,6,6,1,7.1
1841,44,1,urban,12,34.9,4,5,0,7.4
1842,27,1,suburban,9,25.7,3,1,0,2.1
1843,53,1,urban,14,83.6,5,4,0,4.4
1844,36,1,rural,15,50.5,5,4,0,3.9
1845,53,0,rural,13,64.9,6,7,1,8.4
1846,33,1,urban,17,50.2,4,7,0,5.5
1847,80,0,urban,12,21.7,8,6,1,8.0
1848,47,1,urban,13,76.5,3,3,0,4.7
1849,44,0,suburban,12,34.8,2,4,0,4.1
1850,39,0,rural,15,70.5,6,4,1,7.1
1851,40,0,rural,13,56.1,7,7,1,4.5
1852,34,1,urban,11,48.5,7,7,0,6.4
1853,33,1,rural,12,42.8,6,4,0,5.8
1854,33,1,rural,14,32.6,7,5,0,5.7
1855,81,0,rural,8,18.1,4,2,0,4.5
1856,58,0,suburban,20,104.8,7,5,1,8.8
1857,44,0,suburban,15,58.6,4,6,0,5.8
1858,42,0,rural,12,29.8,4,4,0,5.7
1859,62,0,suburban,16,69.7,5,3,0,5.2
1860,46,0,suburban,15,93.3,0,2,0,1.9
1861,40,0,suburban,13,52.6,0,2,0,2.2
1862,30,1,urban,14,34.8,7,4,0,5.6
1863,75,1,rural,17,65.8,6,6,1,5.7
1864,29,1,urban,14,39.9,6,5,0,4.8
1865,33,0,suburban,10,46.5,5,4,0,3.8
1866,62,1,suburban,12,48.0,5,2,1,7.7
1867,62,1,suburban,17,73.2,7,5,0,6.0
1868,74,1,suburban,16,70.8,7,3,0,6.4
1869,46,1,rural,19,84.6,5,7,0,6.6
1870,51,1,urban,14,40.1,3,3,1,6.8
1871,47,1,suburban,11,51.9,4,5,0,4.6
1872,28,0,suburban,15,31.6,4,5,0,4.9
1873,42,1,rural,11,32.0,6,5,0,6.1
1874,66,1,urban,13,44.3,2,4,0,4.1
1875,76,1,suburban,15,35.5,5,7,1,5.0
1876,18,1,suburban,13,33.6,5,5,0,3.8
1877,49,1,urban,12,49.6,4,3,0,4.2
1878,44,1,urban,11,28.3,5,3,0,4.6
1879,32,0,suburban,15,63.7,6,6,0,6.9
1880,68,0,suburban,21,55.5,8,7,1,9.6
1881,33,1,rural,13,54.1,5,2,0,6.6
1882,19,0,suburban,15,51.2,2,2,0,3.4
1883,52,1,urban,16,52.3,6,4,1,9.4
1884,20,1,rural,12,33.3,7,4,0,5.3
1885,63,0,rural,14,20.0,6,6,0,7.5
1886,87,0,rural,11,41.3,6,3,0,5.6
1887,27,0,urban,18,65.9,6,4,1,8.4
1888,72,1,urban,15,87.1,6,3,1,6.6
1889,45,1,urban,17,47.2,6,7,1,9.4
1890,68,1,urban,12,34.3,4,1,0,5.9
1891,41,1,rural,11,23.0,6,2,0,6.3
1892,64,1,urban,9,32.7,4,3,0,4.5
1893,35,0,suburban,11,42.8,5,4,0,2.3
1894,56,1,rural,14,35.9,1,3,0,3.4
1895,73,1,urban,14,69.5,3,4,0,5.8
1896,34,0,suburban,16,37.2,8,6,1,7.4
1897,46,1,urban,16,93.1,5,4,0,3.4
1898,70,0,urban,11,66.7,2,1,0,3.9
1899,39,0,suburban,12,63.4,4,2,0,5.1
1900,50,1,rural,12,48.3,5,4,0,6.4
1901,44,0,rural,9,25.4,7,2,0,4.9
1902,25,1,suburban,16,46.6,5,7,0,5.2
1903,18,0,rural,14,27.9,2,4,0,1.8
1904,58,0,urban,11,26.8,2,5,0,4.3
1905,18,1,suburban,12,23.0,4,6,0,4.2
1906,58,1,suburban,15,76.1,6,8,1,7.2
1907,57,0,suburban,15,70.1,3,4,0,4.7
1908,39,0,urban,15,50.6,8,7,0,6.0
1909,85,0,urban,18,62.8,6,7,0,7.7
1910,71,1,urban,14,60.1,6,7,0,8.1
1911,29,1,rural,11,27.3,3,5,0,4.4
1912,31,0,suburban,16,31.6,4,4,0,4.6
1913,35,1,rural,15,82.9,6,8,0,7.5
1914,62,1,suburban,20,104.6,6,5,0,5.6
1915,69,0,urban,14,47.3,8,5,0,6.0
1916,39,1,suburban,18,64.9,3,6,0,5.6
1917,76,1,urban,11,61.1,7,5,0,6.7
1918,28,1,rural,10,23.9,3,1,0,3.7
1919,66,1,rural,14,54.6,4,3,1,6.1
1920,48,1,rural,8,21.7,3,1,0,4.3
1921,41,1,urban,16,38.3,6,4,0,4.9
1922,36,1,urban,13,47.8,6,6,0,4.4
1923,26,1,suburban,13,25.3,5,1,0,4.0
1924,77,1,urban,13,63.6,9,7,1,10.0
1925,40,0,suburban,13,54.3,3,1,0,4.1
1926,45,0,rural,11,37.3,5,3,0,3.7
1927,18,1,rural,15,26.3,6,7,0,3.4
1928,57,1,suburban,10,31.0,4,1,0,4.7
1929,61,1,urban,13,69.8,2,2,0,4.5
1930,56,1,suburban,17,67.1,6,5,1,7.0
1931,31,0,suburban,17,60.6,9,7,1,8.5
1932,33,1,urban,13,22.4,4,2,0,3.1
1933,58,1,urban,12,33.6,4,3,0,3.0
1934,65,1,urban,16,96.3,7,5,1,10.0
1935,61,0,urban,11,28.7,7,6,1,6.9
1936,44,1,rural,16,54.9,1,5,0,3.0
1937,39,0,rural,8,39.3,5,1,0,5.5
1938,67,1,urban,18,79.7,6,5,1,8.2
1939,70,1,rural,13,29.7,7,5,0,3.9
1940,54,1,rural,18,99.4,5,6,0,6.7
1941,31,1,suburban,14,16.3,5,6,0,6.8
1942,58,0,rural,13,43.5,5,4,0,8.2
1943,38,0,suburban,12,29.3,4,8,0,4.8
1944,50,0,rural,13,31.0,4,3,0,6.6
1945,58,0,suburban,10,22.2,2,1,0,5.0
1946,48,1,urban,13,51.3,7,3,1,7.3
1947,34,1,suburban,11,30.7,3,4,0,5.7
1948,20,1,suburban,11,37.3,5,0,0,1.5
1949,34,1,urban,11,29.3,4,1,0,0.6
1950,44,1,suburban,9,46.5,3,3,0,4.1
1951,65,0,rural,15,39.3,9,6,1,8.0
1952,60,0,rural,16,45.7,7,5,0,5.0
1953,47,1,urban,14,99.9,4,4,1,8.9
1954,58,1,urban,14,73.4,5,5,0,5.8
1955,49,1,suburban,18,49.5,6,7,0,5.1
1956,36,1,suburban,14,46.5,6,4,0,5.0
1957,55,1,suburban,16,36.7,4,5,0,6.4
1958,71,1,urban,18,71.1,10,6,1,10.0
1959,45,0,suburban,12,30.1,1,4,0,2.5
1960,36,1,rural,19,50.3,5,6,0,6.0
1961,27,0,rural,13,35.1,6,1,0,5.7
1962,48,1,suburban,17,61.6,10,7,1,10.0
1963,56,1,urban,9,51.2,7,4,0,3.9
1964,32,1,rural,15,46.1,3,6,0,6.1
1965,62,0,urban,17,82.8,8,5,0,5.8
1966,61,1,suburban,14,25.5,3,8,0,6.1
1967,47,1,suburban,14,48.7,3,3,0,5.6
1968,46,1,urban,19,81.1,6,7,0,7.1
1969,74,1,rural,12,33.4,8,4,0,7.8
1970,59,0,suburban,13,43.8,6,6,0,6.2
1971,44,0,urban,15,72.6,4,3,0,5.7
1972,38,1,urban,14,76.4,4,5,0,5.9
1973,36,0,urban,13,61.2,3,1,0,5.0
1974,36,0,urban,11,95.9,3,2,0,4.7
1975,74,0,urban,15,78.9,7,5,1,8.8
1976,46,1,suburban,11,28.9,3,5,0,3.3
1977,85,1,suburban,12,30.8,8,6,0,5.6
1978,33,0,suburban,11,32.4,6,2,0,4.1
1979,21,0,suburban,13,21.2,3,6,0,4.7
1980,41,0,suburban,11,45.9,2,5,0,5.2
1981,41,0,suburban,12,34.6,6,2,0,3.4
1982,56,0,rural,15,50.2,6,6,0,4.3
1983,54,1,suburban,15,45.5,4,3,0,4.6
1984,36,1,suburban,12,36.7,4,6,0,4.8
1985,68,0,urban,14,69.0,5,4,0,7.4
1986,50,1,rural,8,33.3,7,5,0,7.2
1987,46,1,rural,13,36.6,5,3,0,6.5
1988,40,1,rural,8,22.2,7,3,0,4.1
1989,54,0,rural,11,44.4,3,2,0,1.8
1990,51,0,urban,15,45.2,7,4,0,5.8
1991,33,0,urban,16,22.2,8,7,1,9.3
1992,40,0,urban,13,33.0,4,6,0,3.8
1993,46,1,urban,13,46.5,3,4,0,2.4
1994,56,0,urban,15,36.5,9,7,1,10.0
1995,29,0,rural,12,30.2,5,2,0,4.7
1996,60,0,urban,18,93.0,7,7,1,8.6
1997,66,0,urban,15,54.4,6,3,1,8.5
1998,80,1,suburban,17,99.4,5,5,1,7.9
1999,59,0,suburban,16,82.8,5,6,0,6.5
2000,52,1,suburban,14,57.4,7,4,0,5.9
2001,75,0,suburban,14,51.8,3,4,1,6.9
2002,29,0,rural,13,20.7,4,0,0,3.2
2003,51,1,urban,15,43.1,3,3,1,3.9
2004,60,1,suburban,11,39.6,8,5,0,7.4
2005,51,0,urban,17,77.8,3,4,0,4.8
2006,20,1,urban,13,33.8,1,4,0,3.6
2007,66,1,rural,12,40.2,6,4,0,7.1
2008,18,0,suburban,14,34.7,8,5,0,5.7
2009,55,0,rural,13,55.8,5,7,0,8.5
2010,50,0,suburban,12,45.8,3,3,0,4.9
2011,39,1,suburban,13,66.5,4,1,0,3.2
2012,61,1,urban,14,55.3,6,3,0,7.3
2013,35,1,suburban,15,46.7,6,4,0,8.1
2014,47,0,suburban,13,40.6,7,4,0,5.8
2015,45,0,urban,13,37.6,4,2,0,3.8
2016,69,0,rural,14,35.8,8,6,0,5.6
2017,56,0,urban,16,55.7,5,3,0,3.6
2018,71,0,rural,12,35.2,5,6,0,4.4
2019,57,0,urban,8,32.8,2,0,0,4.0
2020,46,0,rural,8,29.9,5,7,0,4.8
2021,64,1,rural,12,65.3,4,4,0,5.9
2022,26,0,suburban,15,31.1,5,5,0,4.4
2023,18,0,urban,10,15.3,2,3,0,3.4
2024,67,0,suburban,16,72.9,5,3,0,7.1
2025,38,1,urban,12,18.5,5,3,0,4.5
2026,50,0,suburban,11,56.3,2,1,0,3.7
2027,36,1,suburban,12,84.5,4,3,1,5.9
2028,61,1,suburban,8,50.3,4,1,0,4.6
2029,62,0,suburban,11,47.6,7,6,0,5.5
2030,56,1,urban,15,62.0,7,3,0,7.1
2031,67,1,rural,13,25.2,6,8,0,6.2
2032,67,0,suburban,13,36.3,6,4,0,5.4
2033,75,1,urban,15,90.3,10,6,1,7.8
2034,61,0,rural,15,76.2,5,3,0,4.9
2035,35,1,suburban,11,42.3,2,0,0,2.7
2036,53,0,urban,9,51.0,1,3,0,2.6
2037,44,0,suburban,10,55.1,4,1,0,6.2
2038,31,1,rural,17,39.7,6,5,0,6.1
2039,54,0,rural,12,34.7,6,3,0,5.5
2040,51,1,urban,16,76.9,6,3,1,6.9
2041,39,0,suburban,8,23.7,5,3,0,5.2
2042,45,1,suburban,12,22.4,3,2,0,4.3
2043,27,0,urban,14,31.5,6,6,1,7.7
2044,64,0,urban,15,41.2,4,3,0,6.0
2045,66,0,suburban,15,60.9,6,6,0,5.2
2046,64,0,suburban,11,49.0,6,1,0,4.6
2047,73,1,rural,12,43.3,9,5,1,8.3
2048,40,1,urban,15,50.4,8,6,0,5.4
2049,44,1,rural,11,28.0,5,2,0,3.6
2050,43,0,urban,9,22.6,5,1,0,4.1
2051,18,1,rural,13,25.6,9,3,1,5.4
2052,26,1,rural,17,52.1,4,3,0,4.7
2053,32,0,rural,11,33.1,1,1,0,2.3
2054,76,0,urban,13,53.2,3,4,0,3.8
2055,40,0,suburban,14,36.5,6,3,0,5.6
2056,24,1,urban,9,15.3,1,4,0,4.0
2057,56,1,suburban,14,51.1,1,4,0,2.6
2058,68,1,urban,11,63.7,5,5,0,6.9
2059,26,0,suburban,10,13.7,7,6,0,5.1
2060,34,0,rural,12,30.3,4,2,0,4.2
2061,36,1,rural,11,37.3,7,4,0,6.1
2062,55,0,rural,11,43.9,4,3,0,5.5
2063,44,1,suburban,9,26.3,5,0,0,6.1
2064,88,1,rural,14,48.5,3,3,0,6.4
2065,71,0,suburban,15,24.1,4,6,0,6.7
2066,48,1,urban,14,47.4,4,6,1,8.8
2067,66,1,suburban,14,36.9,6,4,0,5.6
2068,60,1,urban,17,95.4,8,6,1,9.6
2069,66,1,urban,15,109.7,6,4,0,4.6
2070,18,1,rural,14,20.0,4,2,0,3.1
2071,37,0,suburban,9,27.8,8,6,0,4.8
2072,36,1,suburban,11,26.3,4,5,0,5.1
2073,33,0,rural,12,45.0,2,4,0,4.0
2074,51,0,suburban,16,38.5,5,5,0,7.3
2075,31,1,suburban,11,62.7,8,6,0,5.5
2076,84,1,urban,17,84.4,5,3,1,7.6
2077,58,0,rural,14,34.6,6,3,0,5.6
2078,69,0,suburban,12,23.8,7,6,1,8.8
2079,39,1,urban,9,26.1,6,2,0,5.4
2080,37,0,urban,12,30.9,4,2,0,3.4
2081,18,1,rural,13,38.5,3,3,0,4.1
2082,75,1,rural,18,48.8,5,4,0,5.1
2083,58,1,urban,17,63.2,5,4,0,6.3
2084,18,1,suburban,13,28.1,8,6,0,5.8
2085,24,0,suburban,14,26.8,3,2,0,3.8
2086,67,1,urban,15,85.0,4,2,0,5.6
2087,25,1,suburban,18,40.6,7,6,1,7.3
2088,28,0,suburban,15,31.1,3,6,0,2.7
2089,57,1,urban,16,106.6,9,5,1,8.2
2090,20,0,rural,11,16.8,2,2,0,3.2
2091,58,1,urban,16,43.8,5,7,0,5.2
2092,37,1,rural,16,24.7,5,2,0,4.6
2093,34,0,suburban,15,64.0,5,2,0,5.0
2094,46,0,suburban,11,42.5,3,2,0,4.0
2095,71,1,suburban,14,43.9,3,5,0,3.6
2096,79,0,suburban,18,92.8,8,8,1,10.0
2097,66,0,suburban,8,47.5,7,6,0,5.4
2098,57,1,urban,12,78.6,7,4,0,5.5
2099,55,1,suburban,8,26.3,3,1,0,2.9
2100,57,1,rural,15,47.4,5,4,0,3.3
2101,33,1,suburban,15,33.3,4,4,1,6.1
2102,31,1,rural,14,44.1,5,3,0,6.7
2103,54,0,urban,14,37.6,3,4,1,5.5
2104,86,1,rural,15,44.7,7,6,1,10.0
2105,35,1,urban,11,24.5,3,0,0,2.4
2106,55,0,rural,12,52.6,7,7,1,8.8
2107,72,0,suburban,12,60.3,7,3,0,4.9
2108,43,0,rural,13,44.0,4,3,0,4.8
2109,64,1,rural,13,30.9,6,4,0,3.6
2110,33,0,urban,16,24.3,7,8,0,6.2
2111,36,1,urban,17,48.2,5,1,0,2.3
2112,35,1,urban,18,114.2,4,5,0,5.8
2113,57,0,rural,13,65.7,4,4,0,4.0
2114,57,0,urban,14,97.0,6,3,0,5.6
2115,31,0,suburban,11,17.3,3,2,0,3.8
2116,66,1,suburban,13,32.3,4,3,0,4.8
2117,64,1,suburban,14,59.5,7,6,1,8.7
2118,33,1,urban,11,16.5,4,3,0,4.6
2119,57,0,rural,13,34.8,3,4,0,4.8
2120,64,0,urban,14,39.0,6,4,0,7.2
2121,53,0,suburban,14,69.6,7,7,0,7.0
2122,54,1,suburban,14,69.1,7,6,0,7.5
2123,50,0,urban,15,49.7,8,8,1,8.9
2124,63,1,rural,9,27.3,3,2,0,4.2
2125,26,1,rural,12,33.3,4,6,1,5.5
2126,61,0,suburban,14,67.8,5,8,1,8.5
2127,41,0,rural,10,42.3,6,4,0,5.9
2128,36,1,urban,16,26.6,6,3,0,4.7
2129,50,0,rural,14,61.8,5,8,1,5.9
2130,38,1,urban,13,79.5,6,6,1,7.2
2131,28,0,suburban,11,25.7,2,5,0,5.2
2132,44,1,rural,9,39.3,4,5,0,4.3
2133,44,0,rural,9,45.9,3,1,0,5.5
2134,51,0,suburban,11,50.2,4,3,0,4.5
2135,46,1,suburban,10,32.3,5,4,0,3.1
2136,33,1,suburban,11,56.3,2,1,0,3.1
2137,56,0,urban,12,49.5,9,6,0,6.9
2138,75,1,suburban,15,66.2,5,6,0,5.2
2139,60,0,suburban,16,64.2,4,7,0,7.7
2140,61,0,suburban,11,31.1,7,5,0,5.4
2141,55,1,urban,18,92.2,5,5,0,6.0
2142,59,1,suburban,15,66.7,4,3,0,5.9
2143,32,0,rural,12,33.3,6,6,1,5.1
2144,42,1,suburban,11,28.0,5,2,0,3.5
2145,71,0,suburban,14,59.0,1,1,0,3.9
2146,51,1,rural,16,57.8,6,4,0,5.6
2147,66,1,urban,13,27.7,5,3,0,4.2
2148,44,1,rural,14,87.6,4,4,0,4.8
2149,46,1,suburban,14,69.8,4,5,0,3.7
2150,48,1,urban,11,46.7,7,6,0,4.5
2151,71,1,urban,16,57.8,8,5,0,7.7
2152,63,1,rural,14,50.1,6,4,0,4.7
2153,55,1,rural,13,49.7,4,6,0,6.1
2154,48,0,urban,11,64.1,4,2,0,3.4
2155,38,1,rural,17,43.6,5,5,1,8.8
2156,82,1,suburban,11,49.4,4,2,0,4.7
2157,18,1,urban,12,21.8,2,2,0,2.5
2158,42,1,urban,14,56.9,6,5,0,2.8
2159,29,1,rural,11,35.0,1,4,0,2.9
2160,45,0,suburban,8,24.4,5,1,0,5.2
2161,18,1,suburban,14,38.0,6,6,1,5.7
2162,26,0,urban,11,13.4,4,1,0,6.8
2163,35,0,rural,15,47.3,3,6,0,5.2
2164,59,1,urban,12,37.2,5,5,0,5.6
2165,64,1,urban,9,29.5,1,0,0,2.9
2166,23,0,urban,16,56.5,6,5,1,5.9
2167,41,1,suburban,15,42.4,6,8,1,7.5
2168,53,0,suburban,14,70.3,6,5,0,5.0
2169,40,0,rural,8,26.9,3,1,0,4.8
2170,42,1,rural,13,39.4,5,7,0,6.6
2171,74,1,urban,16,69.5,4,4,1,7.3
2172,25,1,suburban,14,42.6,5,3,0,5.0
2173,65,0,urban,14,36.0,4,5,0,4.1
2174,18,0,suburban,14,40.3,4,7,0,4.5
2175,68,1,suburban,14,24.9,9,8,1,7.8
2176,49,0,rural,14,75.1,4,8,1,8.6
2177,51,0,rural,11,30.6,5,5,0,5.3
2178,35,1,suburban,13,21.7,3,4,0,2.0
2179,18,1,suburban,10,16.9,4,3,0,2.9
2180,38,0,urban,17,99.2,6,6,1,6.4
2181,47,1,suburban,16,60.6,3,2,0,3.7
2182,26,0,rural,16,36.0,4,1,1,5.8
2183,64,0,rural,11,53.2,7,6,0,6.1
2184,60,1,urban,14,41.7,6,1,0,4.4
2185,47,1,suburban,11,30.1,5,3,0,4.1
2186,41,0,urban,11,22.4,5,1,0,5.0
2187,39,1,suburban,11,19.8,5,1,0,4.6
2188,74,0,urban,10,29.2,5,3,0,6.2
2189,21,1,rural,8,13.3,2,0,0,2.9
2190,49,1,suburban,10,27.4,0,1,0,3.7
2191,29,0,suburban,14,49.7,6,4,0,4.5
2192,74,0,urban,15,67.1,6,5,0,7.9
2193,31,1,suburban,14,24.6,5,1,0,4.9
2194,42,1,urban,14,38.1,2,8,0,5.4
2195,56,1,rural,12,26.5,7,5,0,5.3
2196,25,0,rural,8,15.5,4,5,0,3.5
2197,61,1,suburban,8,32.6,3,0,0,4.0
2198,35,0,suburban,15,49.7,6,5,0,6.3
2199,62,1,rural,15,36.5,7,5,0,7.8
2200,32,0,suburban,11,42.8,6,8,0,5.2
2201,48,1,suburban,12,31.5,8,5,0,7.0
2202,39,1,suburban,14,37.5,5,2,0,4.3
2203,55,0,urban,12,45.3,5,4,0,5.7
2204,76,0,suburban,9,19.0,2,2,0,2.9
2205,52,1,suburban,10,41.7,4,5,0,5.8
2206,71,1,urban,14,55.8,5,3,1,9.3
2207,43,0,suburban,15,39.3,8,6,0,9.5
2208,49,0,rural,15,32.1,4,3,0,5.5
2209,55,0,suburban,12,61.5,4,1,0,3.3
2210,52,0,suburban,9,47.4,0,1,0,1.7
2211,48,1,rural,13,42.6,2,4,1,5.4
2212,61,1,rural,15,51.4,6,5,1,7.7
2213,88,0,rural,15,41.4,6,7,0,6.4
2214,18,1,urban,17,59.9,3,3,0,5.8
2215,53,0,rural,8,53.7,4,3,0,4.5
2216,43,0,urban,16,132.1,5,4,0,3.7
2217,52,1,rural,12,26.3,2,6,0,4.6
2218,68,1,rural,10,29.3,4,4,0,2.1
2219,51,1,rural,10,20.9,5,3,0,2.3
2220,71,0,urban,14,35.1,4,3,1,7.8
2221,34,1,rural,13,22.8,4,1,0,4.0
2222,34,0,urban,17,36.0,4,3,0,5.2
2223,52,0,suburban,9,37.6,4,1,0,3.9
2224,18,0,rural,15,33.3,5,7,1,5.7
2225,64,1,suburban,16,74.0,7,5,0,7.4
2226,60,1,suburban,8,27.5,5,3,0,4.2
2227,77,0,urban,15,59.1,8,4,0,8.0
2228,47,0,suburban,14,78.8,9,4,1,8.3
2229,41,0,urban,15,89.0,7,6,1,8.8
2230,47,1,rural,13,76.5,4,5,0,3.9
2231,53,0,rural,17,81.2,5,5,1,8.7
2232,60,0,urban,15,44.8,10,7,1,8.7
2233,72,0,urban,14,38.5,7,7,0,6.0
2234,35,0,rural,14,23.4,5,3,0,4.7
2235,45,1,urban,15,85.4,10,7,0,10.0
2236,53,0,suburban,12,51.7,6,7,1,6.2
2237,18,0,rural,15,28.9,6,5,0,4.9
2238,59,0,suburban,16,40.2,4,6,1,8.1
2239,38,0,rural,10,34.2,2,4,0,2.0
2240,48,0,urban,11,71.3,4,4,0,1.8
2241,51,0,rural,13,70.2,5,6,0,5.8
2242,46,0,suburban,17,58.3,7,8,1,7.5
2243,31,1,rural,17,51.9,9,7,1,9.6
2244,38,1,rural,14,52.6,6,6,0,6.4
2245,68,1,suburban,9,31.1,5,3,1,4.8
2246,30,1,rural,10,26.6,6,4,0,4.9
2247,55,1,suburban,12,43.3,3,5,1,5.9
2248,51,0,suburban,12,35.2,7,4,0,5.2
2249,69,1,urban,15,70.4,3,1,0,5.5
2250,57,1,urban,8,23.8,4,2,1,7.1
2251,44,0,suburban,12,66.1,5,6,0,5.4
2252,63,1,urban,19,175.5,7,7,1,9.6
2253,49,0,suburban,8,42.2,1,3,0,0.4
2254,77,0,urban,16,47.5,3,5,0,3.5
2255,59,0,rural,12,36.2,4,4,0,3.3
2256,59,1,urban,13,44.3,4,3,0,4.8
2257,27,0,suburban,12,47.3,7,5,0,5.2
2258,56,0,suburban,12,49.2,7,4,0,3.8
2259,42,0,rural,16,30.8,8,5,0,7.3
2260,35,0,suburban,13,28.5,8,4,0,5.2
2261,63,0,urban,16,43.2,4,5,0,4.4
2262,36,0,urban,17,65.4,4,5,0,4.3
2263,56,1,urban,16,77.4,5,7,0,6.3
2264,42,0,rural,11,47.9,3,3,0,2.9
2265,19,0,suburban,14,25.6,4,4,0,5.0
2266,34,1,rural,8,57.3,2,2,0,2.7
2267,29,1,suburban,12,20.7,7,0,0,5.4
2268,40,0,rural,14,86.2,7,3,1,7.9
2269,34,1,urban,14,36.9,4,3,0,5.6
2270,47,1,suburban,12,30.1,8,6,0,7.1
2271,51,0,suburban,18,120.5,6,6,0,7.9
2272,24,1,rural,19,37.9,9,6,1,8.8
2273,45,1,suburban,18,110.3,1,3,0,3.0
2274,37,0,suburban,13,39.2,3,3,0,3.6
2275,34,1,urban,12,57.8,2,2,0,2.0
2276,38,0,urban,12,41.2,6,3,0,4.8
2277,61,1,urban,15,67.4,6,5,1,7.0
2278,49,0,urban,17,83.2,5,5,0,4.6
2279,32,1,urban,13,60.3,2,2,0,5.4
2280,63,0,suburban,15,152.2,6,6,1,7.6
2281,43,1,urban,12,32.7,6,6,0,6.1
2282,43,0,urban,15,52.3,4,3,0,3.8
2283,29,0,rural,12,19.7,4,3,0,4.6
2284,55,0,suburban,15,55.9,6,4,0,6.2
2285,51,0,suburban,13,50.3,8,4,0,5.3
2286,53,0,urban,11,50.1,5,8,0,4.5
2287,88,1,urban,12,22.6,5,4,0,5.6
2288,47,0,urban,14,50.8,3,5,0,3.8
2289,49,0,suburban,13,55.7,7,7,1,5.4
2290,60,0,rural,14,63.7,7,7,0,7.5
2291,50,0,urban,14,48.1,5,4,0,6.5
2292,18,1,rural,11,20.3,5,7,0,8.0
2293,54,1,urban,16,67.0,6,7,0,3.6
2294,78,1,suburban,11,26.2,9,6,1,9.1
2295,39,0,urban,12,18.8,2,1,0,0.9
2296,52,1,urban,10,24.6,3,6,0,3.5
2297,74,1,suburban,12,47.9,8,4,1,5.7
2298,35,0,suburban,17,143.8,6,6,0,8.2
2299,52,0,suburban,11,41.2,9,7,1,10.0
2300,55,0,suburban,14,58.7,4,5,0,5.4
2301,50,1,rural,11,28.5,4,6,0,5.5
2302,18,1,rural,14,31.1,4,1,0,3.4
2303,46,0,urban,12,20.0,6,3,1,6.6
2304,58,1,suburban,14,44.4,4,6,0,6.6
2305,49,1,rural,12,50.9,4,5,0,5.6
2306,67,0,urban,12,30.8,6,6,1,6.7
2307,27,0,suburban,19,50.0,6,8,0,7.6
2308,31,1,urban,18,46.7,4,7,0,5.9
2309,45,0,urban,17,80.9,5,3,0,6.5
2310,41,0,suburban,13,77.5,4,7,0,4.4
2311,45,0,suburban,14,28.2,6,3,0,5.6
2312,51,0,suburban,11,45.2,5,3,0,4.1
2313,64,0,urban,12,65.7,3,4,1,6.1
2314,21,0,urban,16,36.5,6,4,0,4.5
2315,18,1,urban,15,39.6,10,8,1,4.9
2316,46,0,suburban,14,69.7,6,6,0,3.7
2317,25,1,rural,11,14.2,4,2,0,2.6
2318,24,0,urban,15,41.4,8,5,0,6.5
2319,41,0,suburban,14,32.1,6,4,0,5.3
2320,32,1,suburban,12,32.9,7,4,0,2.4
2321,51,1,suburban,12,36.1,7,3,0,5.5
2322,19,0,urban,20,52.2,3,5,0,4.5
2323,59,1,rural,10,41.9,7,5,0,6.2
2324,40,0,urban,15,75.0,4,0,0,3.3
2325,67,1,urban,15,48.5,5,5,0,4.4
2326,56,0,urban,15,82.3,5,6,0,6.1
2327,41,1,rural,17,102.8,8,5,0,5.3
2328,50,1,suburban,10,43.1,5,0,0,4.8
2329,56,0,suburban,12,61.2,1,5,0,4.7
2330,46,0,urban,15,52.7,6,4,0,6.3
2331,40,1,urban,15,41.6,3,1,1,7.4
2332,63,0,rural,12,42.3,5,6,0,6.6
2333,34,1,urban,15,47.5,8,3,0,4.8
2334,54,0,urban,9,41.7,2,0,0,3.5
2335,52,0,urban,18,49.2,7,7,0,7.1
2336,53,0,rural,11,31.8,8,4,0,7.6
2337,43,0,urban,16,88.1,5,3,0,3.8
2338,67,0,urban,13,62.7,7,5,1,8.2
2339,18,0,urban,15,43.4,1,1,0,0.0
2340,53,0,rural,10,90.1,4,3,0,8.1
2341,37,1,rural,12,29.5,3,3,0,4.6
2342,18,0,rural,12,19.1,6,2,0,3.7
2343,31,0,urban,13,29.1,6,3,0,4.1
2344,53,1,rural,14,77.2,6,5,0,4.0
2345,49,0,suburban,10,30.2,6,5,0,7.1
2346,45,1,rural,11,20.9,6,1,0,3.9
2347,37,0,rural,15,42.9,6,8,0,6.3
2348,57,1,suburban,13,36.9,6,6,1,7.1
2349,53,0,rural,14,76.1,8,3,1,6.5
2350,88,1,rural,14,43.1,7,4,1,6.1
2351,45,0,suburban,13,36.8,5,2,0,5.0
2352,56,0,urban,16,45.7,4,5,0,5.9
2353,46,0,suburban,14,35.0,1,3,1,4.9
2354,32,1,rural,11,42.0,5,1,0,1.5
2355,62,0,rural,17,79.1,6,6,0,6.7
2356,65,1,suburban,10,31.7,5,1,0,5.6
2357,34,1,urban,18,34.4,10,8,1,8.8
2358,50,0,urban,11,45.2,4,1,0,2.9
2359,43,1,urban,14,75.9,6,3,0,6.7
2360,51,1,rural,10,59.7,3,1,0,5.1
2361,49,1,rural,13,29.6,7,2,0,5.6
2362,53,0,suburban,13,54.1,2,4,0,3.5
2363,68,0,suburban,11,37.5,6,5,0,7.1
2364,39,1,urban,11,24.5,4,2,0,6.5
2365,18,1,rural,10,39.4,0,2,0,0.8
2366,18,1,urban,11,34.0,4,3,0,5.8
2367,38,1,rural,10,26.3,1,3,0,5.0
2368,32,0,suburban,13,38.8,7,2,1,4.6
2369,49,0,suburban,12,62.9,6,4,0,4.4
2370,38,1,urban,14,42.1,7,8,1,7.5
2371,61,0,urban,16,81.0,6,5,1,8.9
2372,55,1,urban,13,32.4,5,6,0,7.7
2373,18,0,rural,17,35.7,5,5,1,5.5
2374,80,1,rural,15,58.4,6,5,1,7.6
2375,27,1,rural,17,41.4,3,7,0,4.3
2376,55,0,urban,10,68.9,4,6,0,3.3
2377,46,1,urban,11,31.8,4,2,0,3.4
2378,50,0,urban,13,55.7,4,4,0,2.0
2379,51,1,urban,12,53.9,3,3,1,7.9
2380,45,0,rural,12,68.7,6,6,0,4.1
2381,19,0,suburban,14,45.3,7,5,0,5.3
2382,52,0,urban,19,73.6,5,6,0,6.2
2383,49,0,suburban,10,40.9,3,2,0,4.6
2384,18,0,urban,14,14.8,3,2,0,5.2
2385,50,1,rural,10,39.1,4,0,0,2.3
2386,49,0,suburban,16,54.1,5,3,0,6.8
2387,66,1,urban,8,34.2,2,2,0,1.3
2388,36,1,urban,12,49.8,3,2,0,2.4
2389,23,0,rural,10,29.1,0,3,0,4.0
2390,68,0,suburban,10,36.3,5,3,0,5.6
2391,65,1,suburban,15,41.4,3,1,0,3.0
2392,49,1,rural,13,60.8,5,6,0,6.8
2393,64,1,urban,16,81.5,4,6,0,6.9
2394,62,1,suburban,13,73.4,5,5,0,7.4
2395,58,0,urban,18,49.9,7,6,1,5.8
2396,39,0,urban,9,48.3,2,4,0,4.0
2397,50,0,suburban,14,16.9,4,4,0,4.8
2398,45,0,rural,16,37.4,4,6,1,6.3
2399,28,1,suburban,10,21.5,3,2,0,4.5
2400,66,1,urban,14,72.9,4,3,0,2.3
2401,21,0,rural,13,30.3,2,3,0,2.6
2402,54,1,urban,16,83.3,8,8,0,7.4
2403,48,0,suburban,15,37.1,8,7,0,6.2
2404,22,1,suburban,18,51.1,5,3,1,6.2
2405,78,1,urban,14,49.4,5,7,0,5.8
2406,49,0,rural,12,44.3,5,6,1,6.3
2407,37,1,rural,19,48.7,5,3,1,7.0
2408,58,1,suburban,15,36.4,7,4,0,7.4
2409,46,1,urban,8,29.6,3,3,0,4.1
2410,46,0,suburban,10,19.1,6,5,1,7.5
2411,31,0,urban,14,30.7,5,0,0,1.8
2412,64,1,urban,16,67.0,6,7,0,6.2
2413,53,1,urban,15,40.9,2,2,0,3.9
2414,59,1,urban,16,57.0,6,5,1,9.2
2415,62,1,suburban,14,42.7,5,3,0,5.8
2416,36,0,urban,12,36.6,5,4,0,3.4
2417,44,0,suburban,12,58.7,4,6,1,5.8
2418,64,0,urban,14,51.5,7,7,1,9.3
2419,18,0,urban,10,14.9,5,3,0,3.1
2420,33,1,rural,12,25.5,1,6,0,2.6
2421,48,0,suburban,11,52.4,5,2,0,5.6
2422,39,0,suburban,12,27.8,2,5,0,3.4
2423,46,1,rural,9,54.2,3,4,0,3.5
2424,70,0,rural,10,63.0,4,5,0,6.2
2425,53,0,suburban,13,67.0,4,3,0,2.9
2426,38,0,urban,11,37.1,4,4,0,5.5
2427,18,1,suburban,10,15.5,2,2,0,2.3
2428,43,0,urban,12,35.1,3,0,0,3.8
2429,43,1,suburban,10,32.3,5,4,0,3.7
2430,54,0,suburban,12,45.5,5,6,1,6.0
2431,34,0,rural,14,35.6,2,6,0,4.6
2432,60,1,urban,17,114.0,6,5,1,9.1
2433,38,0,rural,8,18.9,5,6,0,7.7
2434,29,1,urban,11,32.8,6,4,0,2.7
2435,43,0,urban,18,38.5,6,2,0,5.3
2436,27,1,suburban,8,11.6,2,2,0,3.3
2437,40,0,suburban,11,37.8,4,2,1,6.0
2438,77,0,rural,16,46.9,4,6,0,6.4
2439,76,1,suburban,16,70.7,8,6,0,7.2
2440,63,1,urban,15,49.1,3,1,0,4.1
2441,52,1,suburban,18,79.9,7,5,0,7.3
2442,54,1,suburban,13,35.9,7,3,0,6.7
2443,40,0,rural,13,55.3,4,5,0,5.1
2444,35,1,urban,11,59.8,4,6,0,4.0
2445,56,1,urban,10,53.4,8,3,1,5.5
2446,69,1,urban,15,82.8,4,6,0,6.3
2447,60,0,suburban,12,56.2,5,3,1,6.3
2448,47,1,rural,15,50.6,6,5,0,5.8
2449,69,0,suburban,11,44.8,7,7,1,9.5
2450,58,1,rural,14,66.1,5,5,0,6.3
2451,46,1,suburban,15,75.4,5,5,1,7.6
2452,52,0,rural,12,46.1,7,4,0,8.2
2453,37,0,urban,11,56.7,5,2,0,6.3
2454,73,0,rural,10,35.1,6,4,0,6.4
2455,43,0,rural,8,33.3,3,6,0,3.7
2456,53,0,urban,15,57.9,6,5,0,6.5
2457,52,0,rural,14,45.6,3,2,0,3.8
2458,50,1,urban,12,39.6,5,2,0,4.3
2459,77,1,suburban,13,31.4,7,3,1,6.8
2460,62,0,urban,13,54.8,5,5,0,5.0
2461,28,0,suburban,13,30.9,3,3,0,3.7
2462,64,1,suburban,19,51.0,7,8,0,8.1
2463,49,0,suburban,12,41.7,5,4,0,7.5
2464,45,0,suburban,17,61.0,5,4,0,4.2
2465,51,0,urban,14,28.3,3,6,0,4.3
2466,56,1,rural,14,22.3,5,7,0,4.8
2467,27,1,urban,10,18.5,4,2,0,4.5
2468,45,1,suburban,15,34.4,7,6,1,7.5
2469,25,1,rural,10,36.5,5,5,0,6.2
2470,30,1,suburban,9,29.4,3,3,0,3.1
2471,42,0,rural,13,27.7,6,1,0,5.1
2472,58,1,urban,12,35.3,6,5,0,5.2
2473,60,0,rural,16,77.6,5,2,0,4.4
2474,51,0,suburban,9,39.3,5,5,0,6.0
2475,29,1,suburban,16,28.8,10,8,1,8.6
2476,53,1,rural,16,91.6,7,6,1,7.7
2477,53,1,suburban,11,37.7,5,4,0,5.7
2478,29,1,urban,10,41.2,4,4,0,3.7
2479,18,1,urban,15,32.4,6,2,0,3.6
2480,54,0,rural,13,30.8,2,3,0,4.2
2481,18,1,urban,15,40.4,7,7,1,7.1
2482,60,1,urban,16,112.7,7,6,1,8.9
2483,38,1,urban,17,66.6,3,6,0,3.8
2484,70,0,suburban,13,58.6,5,7,0,5.7
2485,46,1,suburban,12,48.3,4,6,0,6.8
2486,21,0,urban,11,47.1,0,1,0,1.3
2487,54,0,rural,16,40.2,6,6,1,7.4
2488,41,0,urban,15,49.5,3,4,0,2.7
2489,64,0,suburban,16,36.4,9,5,1,7.2
2490,25,0,urban,15,40.9,8,5,0,4.1
2491,59,1,rural,8,28.5,4,0,0,6.4
2492,34,0,suburban,13,45.0,6,3,0,6.4
2493,63,0,urban,10,24.9,1,1,0,3.0
2494,57,0,urban,16,41.2,3,5,0,4.6
2495,23,1,rural,14,22.8,3,3,1,2.8
2496,48,1,rural,13,41.0,5,5,0,4.0
2497,67,1,urban,18,31.6,5,4,0,5.1
2498,37,0,urban,9,41.4,3,1,0,3.6
2499,48,0,urban,15,40.8,5,1,0,3.5
2500,49,1,rural,15,38.8,4,3,0,5.5
2501,62,0,urban,12,23.0,3,6,1,6.9
2502,87,0,rural,15,45.5,7,5,1,8.5
2503,60,1,rural,12,43.9,4,5,0,5.9
2504,46,0,urban,9,24.8,2,1,0,3.3
2505,52,0,urban,13,81.6,5,3,0,3.4
2506,44,0,suburban,12,60.5,6,5,0,7.5
2507,55,1,urban,14,71.5,7,6,0,7.2
2508,64,1,suburban,12,63.7,9,3,1,8.6
2509,61,0,rural,12,62.4,6,4,0,7.1
2510,37,1,suburban,14,36.7,4,5,0,6.3
2511,62,0,suburban,14,77.9,4,3,0,4.3
2512,44,0,urban,13,41.7,7,7,1,7.0
2513,48,1,rural,12,83.1,8,4,1,6.2
2514,32,1,suburban,12,23.8,1,1,0,2.5
2515,47,0,suburban,13,111.4,9,7,1,6.9
2516,45,0,suburban,8,31.4,4,2,0,3.8
2517,38,1,rural,14,57.7,4,5,0,6.6
2518,18,0,rural,11,22.9,2,2,0,2.7
2519,35,1,urban,13,48.8,5,3,1,6.4
2520,51,1,suburban,15,64.1,4,7,0,4.7
2521,30,1,rural,12,48.0,5,3,0,5.1
2522,46,1,suburban,17,64.4,7,5,0,5.8
2523,43,0,suburban,8,32.2,4,5,0,3.5
2524,88,1,rural,14,30.9,7,7,1,9.1
2525,70,1,urban,14,43.8,5,4,0,5.5
2526,62,1,suburban,14,42.4,7,7,0,5.8
2527,41,1,rural,13,58.2,6,4,0,5.7
2528,61,1,suburban,9,26.5,6,3,0,5.6
2529,69,0,suburban,14,72.4,4,7,0,5.6
2530,18,1,suburban,13,24.4,8,8,0,5.3
2531,52,1,urban,12,52.1,3,2,0,1.9
2532,59,0,suburban,14,39.1,5,7,1,9.8
2533,49,0,urban,15,88.5,3,7,0,6.3
2534,72,0,rural,10,37.0,6,4,0,6.3
2535,23,1,suburban,15,38.9,4,3,0,6.6
2536,61,1,suburban,13,72.6,6,4,0,6.6
2537,32,1,rural,16,28.4,6,4,0,6.5
2538,51,1,suburban,11,31.7,3,3,0,4.1
2539,31,0,suburban,21,72.4,9,7,1,9.1
2540,56,0,urban,12,27.8,6,4,0,5.4
2541,23,1,urban,14,45.7,2,2,0,1.3
2542,51,1,suburban,16,48.6,6,3,0,6.4
2543,57,0,suburban,12,31.9,4,5,0,5.7
2544,71,0,rural,9,19.0,0,2,0,3.3
2545,50,1,urban,16,87.7,5,4,1,7.0
2546,33,1,suburban,16,44.3,5,6,0,3.8
2547,20,1,suburban,9,13.1,7,5,1,5.1
2548,73,1,urban,15,51.2,5,5,1,8.0
2549,66,0,urban,10,24.4,4,2,1,5.5
2550,59,0,urban,16,83.0,7,5,0,6.0
2551,60,0,rural,11,39.8,5,2,0,3.4
2552,57,1,rural,12,26.3,3,3,0,3.3
2553,40,0,rural,17,55.3,4,7,0,6.4
2554,56,1,suburban,11,43.2,3,3,0,4.8
2555,56,0,urban,10,36.9,6,5,1,8.2
2556,36,0,urban,12,17.7,3,5,0,4.5
2557,40,1,rural,13,50.4,3,6,1,5.0
2558,34,1,urban,13,38.6,1,3,0,2.1
2559,88,0,rural,12,32.2,6,7,1,7.0
2560,43,1,urban,13,50.1,5,6,0,6.4
2561,34,0,suburban,18,69.3,6,5,0,4.6
2562,56,1,urban,13,157.9,4,3,0,6.1
2563,79,1,rural,11,43.5,6,3,0,5.1
2564,59,1,urban,15,63.9,4,4,0,5.9
2565,18,0,rural,13,38.4,4,4,0,4.8
2566,39,0,urban,18,81.9,5,7,0,5.1
2567,46,0,rural,13,39.2,2,1,0,3.7
2568,22,0,rural,14,33.0,4,5,0,4.3
2569,69,0,rural,12,42.0,6,5,0,8.2
2570,55,1,suburban,10,54.2,7,7,0,6.5
2571,32,0,rural,15,51.5,5,6,0,5.8
2572,18,1,rural,9,31.2,3,1,0,0.9
2573,70,0,urban,15,51.4,3,4,0,5.0
2574,55,1,urban,14,48.7,6,5,0,7.3
2575,52,0,suburban,17,51.4,6,3,0,5.6
2576,65,1,suburban,12,51.7,3,4,0,4.8
2577,59,0,suburban,12,61.7,4,2,0,5.3
2578,60,1,urban,10,31.3,3,4,1,8.9
2579,36,0,urban,12,38.5,3,3,0,5.4
2580,46,1,urban,15,54.8,7,4,0,5.1
2581,54,0,suburban,18,74.4,7,6,1,8.8
2582,88,1,suburban,9,18.8,5,1,1,8.5
2583,69,0,rural,11,32.5,10,7,1,8.1
2584,51,0,rural,8,27.5,0,3,0,3.2
2585,34,1,urban,14,29.8,7,4,0,6.7
2586,26,1,rural,12,25.8,2,2,0,3.6
2587,30,1,urban,12,32.7,3,4,0,3.6
2588,45,1,suburban,17,32.7,5,7,1,8.3
2589,54,0,rural,8,18.4,4,0,1,5.2
2590,26,0,urban,15,39.3,5,4,0,5.8
2591,37,1,urban,15,42.8,3,3,0,2.4
2592,33,0,suburban,8,22.9,2,1,0,4.2
2593,65,0,rural,14,63.8,7,6,1,8.9
2594,55,0,suburban,15,38.7,3,5,0,6.3
2595,53,0,urban,14,68.2,6,4,0,6.5
2596,29,1,rural,20,52.9,8,4,0,5.3
2597,43,1,rural,11,43.2,5,3,0,4.9
2598,37,1,suburban,14,32.4,7,7,0,5.6
2599,64,1,suburban,9,29.1,3,4,0,1.5
2600,68,0,suburban,12,20.3,6,1,1,9.4
2601,52,1,suburban,13,45.3,6,3,0,4.0
2602,83,0,urban,16,70.9,3,4,0,6.0
2603,35,0,urban,13,41.9,6,3,0,6.2
2604,46,1,rural,10,29.1,2,0,0,3.9
2605,32,1,urban,11,25.6,2,1,0,2.8
2606,73,0,urban,14,40.0,4,3,0,4.5
2607,47,1,urban,12,48.3,0,1,0,3.1
2608,52,0,suburban,12,51.1,3,6,0,4.4
2609,33,0,suburban,17,109.1,7,4,0,7.5
2610,27,0,suburban,16,43.2,4,5,0,5.9
2611,53,1,rural,11,32.0,5,2,0,4.0
2612,48,1,rural,17,56.3,8,8,1,10.0
2613,58,1,rural,11,77.8,4,4,0,4.6
2614,85,1,suburban,12,38.4,4,1,0,1.7
2615,50,0,urban,10,26.7,5,1,0,4.0
2616,42,1,rural,16,65.6,8,8,1,6.6
2617,73,0,suburban,11,29.1,5,5,1,8.8
2618,32,1,suburban,14,25.2,5,6,1,7.2
2619,36,1,suburban,11,35.0,4,3,0,4.6
2620,26,0,suburban,11,17.8,4,5,0,4.9
2621,49,1,urban,20,70.4,6,8,0,6.1
2622,63,1,urban,12,56.3,5,0,0,5.0
2623,85,1,urban,17,68.0,3,4,1,6.8
2624,62,1,urban,14,58.6,5,0,0,3.8
2625,40,0,urban,12,28.2,2,0,0,3.6
2626,44,1,rural,11,32.5,7,4,1,7.4
2627,59,1,urban,18,42.7,6,5,0,5.5
2628,18,1,rural,10,16.9,4,1,0,2.7
2629,18,1,urban,14,33.6,4,3,0,2.7
2630,18,1,suburban,16,49.2,5,3,1,6.4
2631,71,1,suburban,12,28.6,4,5,0,5.8
2632,26,0,urban,16,23.6,8,6,0,6.6
2633,46,0,urban,12,68.0,5,1,0,4.0
2634,41,1,suburban,16,57.4,5,5,1,8.7
2635,39,1,urban,14,27.6,7,6,1,6.2
2636,71,0,rural,10,30.9,6,3,0,6.0
2637,34,1,suburban,11,23.6,6,5,0,5.4
2638,51,0,urban,16,36.8,3,8,0,3.8
2639,29,1,urban,12,28.6,5,3,0,6.5
2640,82,0,urban,12,41.5,7,3,1,10.0
2641,43,0,urban,14,34.0,4,3,1,6.3
2642,74,0,urban,13,70.2,6,6,0,7.4
2643,36,1,suburban,14,53.4,5,2,0,4.3
2644,43,0,rural,11,36.3,6,5,0,6.5
2645,35,1,urban,10,37.0,4,3,0,5.1
2646,87,0,suburban,14,36.7,4,4,0,5.0
2647,44,1,suburban,15,94.7,7,6,1,6.1
2648,48,0,suburban,10,57.1,3,4,0,3.9
2649,33,1,suburban,10,19.0,3,2,0,2.2
2650,84,0,urban,12,36.3,2,6,0,4.5
2651,39,0,suburban,14,65.5,4,4,0,5.0
2652,60,1,suburban,11,46.6,4,5,0,5.0
2653,60,1,rural,15,51.4,10,4,1,9.2
2654,32,1,urban,14,41.7,3,2,1,3.2
2655,48,0,suburban,15,62.6,5,4,0,4.8
2656,45,1,rural,15,61.0,6,7,0,5.3
2657,56,0,rural,12,40.7,6,1,0,4.4
2658,42,0,urban,17,57.8,6,8,0,6.7
2659,35,0,suburban,16,55.7,8,7,1,8.4
2660,45,1,suburban,10,40.1,3,5,0,6.0
2661,62,0,rural,12,59.2,3,1,0,5.1
2662,34,0,suburban,8,20.6,6,4,0,3.5
2663,49,1,suburban,15,43.8,6,4,0,6.8
2664,44,0,rural,10,29.7,5,2,0,4.2
2665,37,0,suburban,11,28.2,5,3,0,4.9
2666,36,0,urban,12,38.0,2,0,0,2.1
2667,61,0,suburban,15,89.2,6,6,0,7.0
2668,50,0,urban,14,68.6,6,5,1,9.0
2669,46,0,urban,10,18.0,1,1,0,3.3
2670,48,1,suburban,11,109.9,8,5,1,6.7
2671,33,0,suburban,17,60.9,6,7,0,4.7
2672,42,0,suburban,14,78.3,2,6,0,2.4
2673,47,1,rural,12,38.6,5,0,0,4.7
2674,34,1,suburban,15,36.9,6,3,0,6.1
2675,28,1,suburban,14,30.8,4,4,0,3.6
2676,46,1,rural,15,93.8,9,6,0,9.2
2677,51,0,suburban,11,61.8,3,4,0,2.4
2678,49,1,rural,13,26.3,5,3,0,4.8
2679,21,1,urban,14,33.3,7,4,0,7.9
2680,26,1,suburban,16,31.5,8,6,0,4.8
2681,29,1,urban,11,54.6,3,1,0,4.5
2682,43,0,suburban,14,46.2,6,4,0,5.5
2683,58,1,urban,15,62.6,6,7,0,6.2
2684,27,0,urban,15,24.4,6,6,0,5.8
2685,42,1,rural,15,54.1,6,5,0,6.3
2686,42,1,urban,12,43.2,3,3,0,3.4
2687,41,0,rural,12,24.7,6,7,0,5.7
2688,58,1,suburban,13,58.5,5,3,0,6.0
2689,18,1,rural,11,7.0,5,4,0,4.7
2690,37,0,urban,13,41.4,5,2,0,5.3
2691,60,0,rural,9,21.2,1,1,0,4.5
2692,53,1,urban,15,46.5,4,4,0,4.6
2693,57,0,urban,15,45.7,4,6,0,7.5
2694,35,0,suburban,13,53.1,3,1,0,3.7
2695,70,1,urban,17,33.7,7,7,1,9.2
2696,55,0,rural,15,53.7,5,5,0,4.8
2697,49,1,suburban,11,38.5,3,6,0,5.5
2698,57,1,rural,15,64.2,3,2,0,4.9
2699,83,1,suburban,8,32.6,3,2,0,4.9
2700,76,1,urban,15,29.9,6,6,1,7.1
2701,58,0,urban,13,22.4,5,4,0,2.3
2702,43,1,urban,13,64.6,7,7,0,5.4
2703,62,1,urban,16,94.5,7,6,1,8.6
2704,42,1,rural,15,88.7,6,6,0,5.0
2705,18,1,suburban,9,12.6,4,2,0,2.5
2706,30,0,rural,10,31.0,3,2,0,2.7
2707,50,1,suburban,17,85.4,6,8,1,6.9
2708,43,0,rural,17,48.0,1,5,0,5.7
2709,59,0,urban,9,36.0,6,1,0,5.7
2710,43,1,suburban,14,55.3,1,2,0,5.8
2711,41,1,rural,11,16.4,5,1,0,3.7
2712,64,1,urban,12,111.1,6,3,0,4.0
2713,58,1,rural,10,30.4,6,4,0,5.0
2714,43,1,suburban,12,28.3,3,4,0,5.8
2715,36,1,urban,12,59.1,4,5,0,3.7
2716,62,1,suburban,13,74.5,4,2,0,5.5
2717,49,0,rural,13,41.6,6,6,0,5.1
2718,32,1,urban,15,46.9,5,4,0,3.4
2719,50,0,rural,8,55.7,4,4,0,6.7
2720,67,1,urban,14,59.1,5,4,1,6.7
2721,50,1,suburban,8,31.9,6,5,0,3.1
2722,73,0,rural,17,44.9,8,7,1,8.9
2723,39,1,urban,19,114.2,5,4,1,6.9
2724,47,0,suburban,12,48.5,7,5,0,5.4
2725,63,1,suburban,11,20.7,5,6,0,7.8
2726,57,1,urban,16,80.6,4,5,0,5.7
2727,57,0,suburban,14,86.0,5,3,0,6.0
2728,28,1,suburban,14,46.9,6,2,0,4.3
2729,48,0,urban,16,41.2,6,7,0,5.8
2730,55,1,suburban,16,27.8,4,2,0,5.6
2731,41,1,rural,12,30.5,7,8,0,6.8
2732,46,0,urban,11,57.2,2,3,0,2.3
2733,52,1,suburban,13,66.9,5,5,1,8.6
2734,69,1,urban,14,69.9,5,3,1,6.6
2735,40,0,urban,10,19.3,6,7,0,3.3
2736,61,0,suburban,14,52.3,2,1,1,6.8
2737,52,0,urban,17,63.7,7,6,0,6.5
2738,60,1,urban,17,136.6,6,5,0,7.4
2739,18,0,rural,13,22.7,4,3,0,5.6
2740,32,1,urban,17,33.2,6,6,1,7.9
2741,62,0,urban,13,32.3,8,3,1,8.3
2742,88,0,rural,13,38.3,8,5,1,10.0
2743,36,1,rural,12,23.6,6,3,1,6.2
2744,42,0,rural,11,70.9,5,3,0,4.0
2745,49,1,rural,8,31.2,5,5,0,2.5
2746,63,0,urban,13,42.1,6,3,0,3.1
2747,55,0,rural,14,21.1,6,5,0,5.6
2748,28,1,suburban,11,51.1,5,4,0,4.4
2749,66,1,rural,9,35.3,6,5,0,4.5
2750,80,1,rural,10,50.5,4,4,0,4.9
2751,52,0,suburban,9,42.0,0,3,0,0.8
2752,41,1,rural,14,38.0,6,8,0,6.3
2753,72,1,rural,15,44.1,8,5,0,7.0
2754,47,1,urban,10,25.8,5,1,0,2.1
2755,51,0,suburban,15,36.2,5,1,0,4.7
2756,44,1,urban,12,60.8,4,4,1,6.3
2757,67,0,urban,13,32.5,5,6,1,6.5
2758,72,0,rural,15,49.0,5,7,1,7.0
2759,50,1,urban,10,69.6,6,1,0,5.2
2760,71,0,urban,14,46.1,7,1,0,5.0
2761,52,0,urban,15,61.8,3,3,0,4.4
2762,43,0,urban,13,48.1,6,3,0,3.6
2763,66,0,urban,16,62.0,6,6,0,6.4
2764,54,1,suburban,15,89.2,6,3,0,4.9
2765,54,1,suburban,11,79.4,5,5,0,4.2
2766,36,1,urban,19,70.0,4,6,1,4.7
2767,68,1,suburban,19,109.5,8,7,1,7.6
2768,32,0,rural,14,46.4,5,2,0,3.5
2769,18,0,rural,14,52.0,8,4,1,8.2
2770,74,1,urban,13,34.8,4,4,0,5.0
2771,26,0,urban,13,38.7,1,1,0,1.4
2772,31,0,rural,14,29.1,9,6,0,6.0
2773,51,1,urban,15,90.6,4,3,0,5.7
2774,47,0,suburban,12,40.5,1,3,0,4.7
2775,22,1,rural,15,75.8,5,2,0,2.1
2776,38,0,rural,13,31.2,9,6,1,5.7
2777,46,0,suburban,14,35.3,8,7,0,7.8
2778,54,0,suburban,12,42.3,2,2,0,3.1
2779,29,1,suburban,12,32.1,4,4,0,5.2
2780,34,0,rural,8,18.4,3,2,0,4.5
2781,34,1,urban,14,62.0,5,4,0,3.9
2782,61,1,rural,14,39.3,5,4,0,4.3
2783,44,0,urban,11,29.9,3,3,0,1.8
2784,37,0,urban,18,61.6,4,6,0,5.3
2785,79,1,urban,12,25.8,6,6,0,6.5
2786,46,0,urban,12,48.1,4,4,0,6.2
2787,57,1,rural,14,36.9,7,4,0,5.2
2788,62,1,suburban,13,51.3,6,4,0,4.4
2789,56,0,urban,14,35.1,8,5,0,7.4
2790,70,0,suburban,14,36.2,3,3,0,3.8
2791,77,1,suburban,15,66.8,6,3,0,4.8
2792,18,0,rural,9,23.6,3,1,0,2.7
2793,54,1,suburban,12,27.1,8,5,0,5.3
2794,52,0,urban,12,64.1,6,3,0,3.7
2795,31,0,suburban,12,34.4,7,4,1,8.6
2796,32,1,urban,12,30.1,3,0,0,4.0
2797,62,0,rural,15,39.8,7,7,0,6.2
2798,52,1,suburban,8,15.8,0,1,0,2.9
2799,76,1,urban,17,52.9,9,6,1,10.0
2800,22,1,suburban,11,54.3,4,1,0,1.9
2801,48,1,rural,13,31.8,8,5,1,8.0
2802,77,1,rural,15,61.3,5,5,0,6.0
2803,26,1,rural,12,25.3,7,7,0,5.2
2804,54,0,urban,13,37.7,5,2,0,4.6
2805,36,1,urban,11,30.9,5,6,1,6.3
2806,18,1,suburban,14,30.9,6,2,0,2.9
2807,32,1,rural,11,35.1,7,6,0,4.1
2808,39,0,suburban,17,37.8,7,5,0,6.2
2809,53,0,urban,15,54.1,6,5,0,5.7
2810,41,1,suburban,17,57.0,5,8,1,8.1
2811,53,1,suburban,19,63.1,6,1,0,4.3
2812,41,1,suburban,14,32.2,7,3,0,3.5
2813,62,1,suburban,18,71.3,7,7,1,8.6
2814,37,0,suburban,11,25.8,4,2,0,3.0
2815,45,1,urban,16,44.9,5,4,1,7.7
2816,74,1,rural,12,80.6,5,8,0,8.0
2817,25,1,suburban,12,58.2,2,3,0,5.3
2818,38,1,urban,16,45.0,4,3,0,6.5
2819,52,0,rural,12,30.5,6,6,1,7.1
2820,54,1,suburban,15,75.2,6,5,0,5.5
2821,38,0,rural,17,49.0,4,2,0,3.6
2822,22,1,urban,8,25.5,4,2,0,4.0
2823,54,0,rural,14,33.4,6,4,1,6.7
2824,58,0,suburban,9,30.6,3,1,0,2.2
2825,52,1,rural,14,70.3,8,6,0,5.9
2826,52,1,rural,15,56.4,9,7,1,7.9
2827,45,0,suburban,16,22.2,5,3,1,7.5
2828,45,1,rural,12,43.2,7,7,0,6.2
2829,24,1,urban,14,50.8,6,4,0,4.7
2830,39,1,rural,15,66.9,4,6,0,5.0
2831,39,0,rural,9,41.5,2,1,0,2.5
2832,57,1,rural,17,63.1,6,6,0,5.3
2833,34,0,suburban,15,41.8,5,6,1,8.1
2834,77,0,suburban,12,27.3,5,3,0,5.7
2835,18,1,urban,12,13.3,3,1,0,3.3
2836,28,0,rural,18,63.2,8,7,1,6.5
2837,51,1,rural,16,53.4,8,6,0,8.8
2838,41,0,suburban,15,24.3,4,2,0,5.5
2839,51,0,suburban,11,37.5,5,6,0,5.7
2840,62,1,urban,15,79.7,5,4,0,6.2
2841,45,1,urban,9,32.2,3,2,0,1.7
2842,28,1,rural,14,53.6,4,5,0,4.7
2843,57,1,rural,14,60.5,4,4,0,3.7
2844,48,1,urban,19,118.6,7,4,0,5.3
2845,57,0,rural,11,48.8,4,1,0,7.1
2846,49,0,rural,16,67.0,9,8,1,7.6
2847,39,1,suburban,14,39.6,4,2,0,4.5
2848,56,0,rural,18,101.2,6,6,0,7.6
2849,36,1,suburban,8,21.5,6,2,0,6.6
2850,74,1,suburban,11,47.1,7,1,0,7.3
2851,84,0,suburban,13,54.9,4,2,0,3.2
2852,56,0,urban,14,31.6,4,8,0,6.0
2853,22,0,rural,13,21.7,5,6,0,5.2
2854,54,1,suburban,13,35.1,6,5,0,4.6
2855,45,1,urban,11,44.5,1,3,0,3.8
2856,63,1,suburban,13,64.4,6,5,0,5.1
2857,75,0,rural,10,21.3,4,4,0,4.4
2858,68,0,rural,16,77.3,6,2,0,5.8
2859,59,0,rural,17,104.0,5,4,0,7.3
2860,39,0,suburban,14,65.8,3,2,0,3.1
2861,51,0,urban,13,56.1,4,4,0,5.0
2862,37,0,rural,10,38.0,5,2,0,5.9
2863,48,0,urban,19,117.6,5,8,1,7.4
2864,50,0,rural,13,49.0,9,7,0,7.9
2865,57,1,suburban,15,59.8,5,4,0,6.5
2866,69,1,suburban,15,44.9,8,6,1,7.8
2867,27,1,rural,10,31.3,6,3,1,5.8
2868,23,0,urban,10,31.4,2,0,0,0.7
2869,33,0,suburban,16,61.4,7,8,1,7.7
2870,46,1,rural,12,33.3,5,2,0,5.8
2871,48,0,urban,14,35.0,3,5,0,5.2
2872,63,0,urban,10,45.1,3,4,0,3.6
2873,37,1,urban,16,46.9,5,4,0,4.9
2874,43,0,urban,12,48.4,8,6,1,6.2
2875,53,0,rural,13,32.9,4,5,0,3.5
2876,44,1,rural,15,68.4,6,8,0,7.0
2877,73,1,suburban,13,35.4,8,8,1,8.2
2878,51,1,rural,13,45.1,3,5,0,4.2
2879,60,0,suburban,11,34.0,5,2,0,6.6
2880,32,1,suburban,16,47.3,3,3,0,3.4
2881,26,0,urban,15,64.0,4,6,0,5.1
2882,57,1,suburban,13,23.7,3,5,0,5.6
2883,63,0,urban,17,75.2,7,6,0,6.3
2884,55,1,urban,19,100.6,7,5,1,8.6
2885,43,0,rural,13,33.2,5,3,1,6.2
2886,68,0,urban,14,35.1,7,7,0,7.1
2887,43,0,suburban,14,54.2,7,4,1,5.7
2888,37,1,suburban,11,38.6,5,4,0,4.8
2889,20,1,suburban,11,27.3,5,3,1,7.3
2890,65,1,suburban,15,49.5,5,5,0,3.3
2891,88,0,urban,16,59.9,7,5,1,8.8
2892,67,0,rural,9,35.7,5,4,0,3.6
2893,65,1,rural,15,93.0,6,6,1,8.0
2894,52,1,suburban,12,26.7,6,4,0,7.0
2895,43,1,urban,15,81.4,2,2,0,2.5
2896,53,0,urban,12,43.3,4,3,0,4.5
2897,33,0,rural,9,40.8,5,2,0,4.6
2898,38,1,rural,10,29.7,4,4,0,4.1
2899,48,1,urban,15,21.5,4,3,0,3.1
2900,54,0,urban,16,58.0,7,8,0,7.0
2901,29,1,suburban,12,30.5,3,1,0,4.1
2902,46,0,urban,14,65.0,4,3,0,2.5
2903,47,1,suburban,15,35.9,4,6,0,5.0
2904,70,1,urban,9,30.1,8,3,0,7.8
2905,71,0,rural,13,41.6,7,7,0,7.7
2906,33,0,rural,14,44.5,3,3,1,10.0
2907,60,1,rural,16,86.5,5,5,0,7.5
2908,53,0,rural,15,49.7,5,7,0,3.3
2909,52,0,rural,15,64.9,5,6,0,5.5
2910,26,0,suburban,15,29.5,4,3,0,3.5
2911,63,1,rural,10,45.3,3,1,0,4.5
2912,52,0,urban,15,40.9,7,6,0,7.0
2913,55,0,rural,12,54.9,6,4,1,6.6
2914,22,0,rural,12,33.5,6,3,0,5.4
2915,24,0,suburban,16,20.1,4,5,1,6.8
2916,50,0,rural,17,61.6,6,7,1,7.1
2917,61,1,urban,13,43.4,3,4,1,6.2
2918,77,1,suburban,14,54.9,8,4,0,6.3
2919,38,0,urban,15,65.7,2,1,0,3.6
2920,49,0,rural,17,74.9,8,6,1,7.9
2921,47,0,rural,13,56.9,6,6,0,6.7
2922,69,1,suburban,11,58.3,4,3,0,5.0
2923,25,0,rural,11,18.7,1,3,0,1.6
2924,64,1,rural,15,51.9,4,2,0,5.9
2925,25,1,urban,15,64.5,5,7,0,4.7
2926,59,1,urban,12,36.6,6,1,0,5.3
2927,51,1,rural,12,40.4,6,6,0,5.5
2928,18,0,urban,18,60.0,6,2,1,6.4
2929,46,1,suburban,14,37.0,4,5,0,3.2
2930,46,0,rural,14,33.4,6,5,0,5.6
2931,42,0,rural,11,26.4,7,7,0,5.5
2932,29,1,urban,17,31.3,8,6,0,6.8
2933,69,1,suburban,11,28.2,5,6,1,7.6
2934,46,1,urban,13,48.8,4,3,0,3.6
2935,63,1,rural,10,29.6,6,3,0,5.1
2936,39,1,rural,13,24.6,2,5,0,4.8
2937,53,1,urban,15,44.0,5,3,0,5.4
2938,41,0,urban,13,37.6,7,8,0,4.7
2939,21,1,suburban,15,26.2,1,3,0,2.3
2940,57,1,urban,14,48.9,7,7,1,9.8
2941,50,0,urban,16,97.5,5,8,0,6.2
2942,73,1,suburban,17,52.9,6,4,1,6.0
2943,50,0,rural,9,29.3,4,4,0,4.8
2944,32,1,urban,15,83.3,6,2,0,5.0
2945,24,0,urban,18,46.6,4,7,0,5.7
2946,49,1,rural,13,31.7,3,2,0,4.0
2947,33,1,rural,8,37.5,8,6,1,7.2
2948,56,1,urban,14,62.0,7,6,0,7.2
2949,29,0,suburban,15,30.9,2,5,0,3.8
2950,41,1,suburban,15,39.7,6,5,0,3.6
2951,36,1,urban,11,32.2,4,1,1,6.5
2952,58,0,urban,10,19.7,2,2,0,4.5
2953,68,1,urban,14,18.6,5,4,0,5.9
2954,38,1,urban,11,26.3,2,1,0,2.7
2955,38,1,urban,13,106.8,6,5,1,7.0
2956,55,1,rural,14,55.8,5,6,1,7.8
2957,75,0,suburban,12,32.3,5,1,0,4.9
2958,63,0,urban,17,79.5,5,8,0,5.3
2959,56,0,suburban,13,80.3,5,2,0,4.5
2960,75,1,rural,14,56.6,7,7,0,6.8
2961,57,1,suburban,13,62.6,8,6,0,7.7
2962,56,1,suburban,12,32.0,5,5,0,7.2
2963,18,0,rural,14,31.9,5,2,1,5.3
2964,35,1,suburban,16,59.9,7,5,0,5.1
2965,57,0,rural,14,44.3,5,6,0,4.8
2966,48,1,rural,14,34.6,6,6,0,5.3
2967,36,1,rural,8,21.0,0,2,0,2.8
2968,21,1,rural,13,29.5,2,1,0,2.2
2969,29,0,urban,16,61.7,5,7,0,3.5
2970,55,1,rural,9,25.9,3,1,0,3.0
2971,42,0,suburban,17,65.5,4,3,0,3.3
2972,51,1,rural,14,54.6,6,3,1,6.9
2973,59,0,suburban,11,38.8,7,6,1,9.0
2974,82,1,urban,13,61.5,6,2,0,7.0
2975,67,0,urban,11,56.5,5,5,0,5.3
2976,47,1,suburban,8,23.0,5,2,0,4.0
2977,54,1,rural,13,67.3,4,4,0,3.5
2978,19,0,suburban,16,37.0,7,7,1,8.2
2979,21,1,rural,14,40.6,6,6,0,4.5
2980,36,1,rural,13,19.2,4,4,0,3.2
2981,32,1,urban,12,55.6,7,7,0,5.7
2982,47,1,urban,13,66.4,7,3,0,4.3
2983,58,0,suburban,14,62.1,5,7,0,3.6
2984,28,1,rural,14,58.4,4,5,0,4.4
2985,18,1,urban,16,53.4,7,7,1,7.3
2986,50,1,urban,11,40.2,3,2,0,4.5
2987,40,1,urban,15,97.3,7,6,0,7.4
2988,39,1,urban,15,30.9,6,6,0,6.3
2989,59,1,suburban,13,40.1,1,4,0,2.4
2990,47,0,rural,13,17.3,6,7,1,7.0
2991,70,1,suburban,16,91.9,7,7,1,8.2
2992,70,0,rural,14,42.0,5,4,0,5.6
2993,46,0,rural,10,35.3,6,3,0,5.7
2994,35,0,suburban,13,42.7,6,5,0,7.3
2995,42,1,rural,12,31.7,2,2,1,3.7
2996,69,1,urban,11,72.4,4,2,0,3.0
2997,66,1,urban,14,41.4,6,4,0,5.1
2998,59,1,urban,13,45.5,6,3,0,5.0
2999,72,0,urban,14,46.9,8,5,1,8.6
3000,70,1,suburban,8,21.1,1,0,0,5.8
